Inside_ROIs_D,Outside_ROIs_D
0.004737072779844165,0.0024938848202279273
0.039600668804109916,0.013573899293047935
0.13836160385139565,0.05297486613629034
0.1222029942883806,0.020428661398978292
0.15497316036378508,0.012336437490889014
0.09487993955891542,0.021422835459247384
0.1831504534786816,0.007764375968103488
0.1330058928648866,0.005064959148169291
0.09291157581613281,0.013898233175467636
0.03784305747996359,0.017043008888616595
0.004895484594484403,0.005094295513159791
0.11118902606566487,0.003997912500829222
0.326965593832558,0.04636820816727553
0.3238563193278562,0.004691771592526748
0.02569526295039274,0.0012362843574004172
0.23527702866235994,0.023689080552900692
0.48425523568063394,0.01405299135112127
0.14744445618951565,0.0025838278204116448
0.07522605647403215,0.01745997229418422
0.0722308270861243,0.14725832933281752
0.08767749516003022,0.003947867510034921
0.10820248727540914,0.0028446353134597845
0.3707905976631812,0.007077328007981695
0.08060516989059234,0.01015949318726436
0.15418173900202586,0.0026128293521143734
0.12125620542257458,0.09528657839847182
0.396523148419751,0.015725286212610202
0.13937515793528607,0.0066354500760601575
0.18691609118331415,0.004343382707279957
0.2161021039939533,0.005911337533650322
0.14928156580452373,0.0026648260115847487
0.32577338812018797,0.002618288914519983
0.07546944820752345,0.009211451250691345
0.014798811904755715,0.005374685136232768
0.011791062903469419,0.004245190807741013
0.046850003480699065,0.004663448566304628
0.18843282947900386,0.023433189238744285
0.03720824940879653,0.007383846088324366
0.17484432170455422,0.027761802309851473
0.08029278287851503,0.004735779569910343
0.0062431379277763715,0.0044147173245064645
0.2620527692955915,0.009888649059372132
0.20214151680488768,0.10918355825739767
0.004570926881970675,0.011837097469077976
0.08882133025344965,0.017567930183650264
0.03477179887447084,0.06711427363402309
0.07504363613101223,0.09631565936026498
0.10462791100015906,0.007423728768075125
0.30116773904255456,0.002459072058348347
0.15445581108741926,0.01370540055282949
0.07169687416440526,0.04168383444053743
0.2409918639679452,0.12131460889449663
0.2021359898112985,0.009082799941327975
0.1722534405182265,0.07102541063816543
0.12598654883097218,0.1455375686379876
0.03940079356775588,0.007540079828268875
0.06102252449612964,-0.0013637802176348147
0.01618914416523828,0.00848776091073746
0.09943745151233933,0.15591980360975116
0.03280965672701312,0.16993380400444105
0.07579858588427621,0.2136565935567761
0.023192190712417553,0.00932319938155222
0.1450327369056493,0.0108998751740135
0.09161874560737884,0.024418261158281454
0.1497580054632949,0.187160771597144
0.05342208852258067,0.13855437450474017
0.12036630768053765,0.011743466943545021
0.03910484890375075,0.05761755465877372
0.19121624470373064,0.025295202631686737
0.004038877650456258,0.048762912643872065
0.16815675081266665,0.060340313581770735
0.26127539079075923,0.004621385331876422
0.26773316703070316,0.049921535945248244
0.1528614428377338,0.04324081848335873
0.024124191394678123,0.027147993295045105
0.09117168489095026,0.007821404638761905
0.08976967246642814,0.04773883626104797
0.22774387754743292,0.0672123905789299
0.08909097989048953,0.005011802486086813
0.10028605338420986,0.06690101409481371
0.023503148696295485,0.006727588409177222
0.013779254254602519,0.3603822284174138
0.002930149679517651,0.18687042519387384
0.013204081315557724,0.13740283491549904
0.20227999561837962,0.18959576702780326
0.011308562161504694,0.008471440916147826
0.001491251792669173,0.01918072852470769
0.028334366234188994,0.22513371474220165
0.006191932164046362,0.024011442551396735
0.017420998337125484,0.2355064876054583
0.008162247097959093,0.0013565926197930853
0.13656571615076488,0.3822996625372405
0.06507145130964212,0.139063401400428
0.004066592376935958,0.4284944549520631
0.0059686149107919485,0.10192982486524149
0.12942133909489287,0.03056641961591536
0.021070254195623188,0.012386653904559071
0.027396965384863414,0.1539417325500111
0.006152116183006992,0.002980312058448785
-0.0022844441249653337,0.0032808029688070894
0.12971088056861885,0.0016950263532513582
0.07750158056457224,0.17997394268054312
0.07174852002222655,0.00283022603931816
0.04854453967692366,0.03102196876382347
0.13047349352424456,0.0018184314593119716
0.045312055980651605,0.007054762495907473
0.0034512180880971427,0.06985002410060331
0.31402065836829773,0.009462028127939622
0.014333613769967607,0.00081679662921534
0.007387819452383078,0.1832120555663668
0.047822368607880264,0.026033631713716948
0.16989757616726892,0.045621471150751616
0.01601825479325838,0.005394474860614418
0.043698766624332946,0.06762474906647035
0.034563370790592074,0.11303840486211546
-0.004947091789560932,0.09981128816435493
0.20212008360765826,0.0034789483134495254
0.03311103135053092,0.011131058704475191
0.0187365970992499,0.11271251874642291
0.013762230414197687,0.026987966548777942
0.16627521456834574,0.0034777775095093722
0.31838211593921,0.08278828759061704
0.003958457681720355,0.04496400508259152
0.055918919605149484,0.005086026428454714
0.09457331519741403,0.0701541411689364
0.07534459507182252,0.06672363065534156
0.1028712999498187,0.004169538818437495
0.003944001668627719,0.025880878454241935
0.17032917302200634,0.0053875370493995664
0.007073609448251133,0.0003640497442827203
0.25582744857680617,0.007621121581854395
0.09195551466722333,0.21178762902417117
0.005503546819090269,0.008289730840298102
0.007645434943266245,0.0036639569731866067
0.05314854019187652,0.00382121196414005
0.040654046546858946,0.04160732614211323
0.023365740632701127,0.001339983085095816
0.15928164715527485,0.0035832041286711644
0.004718720444333273,0.006360701801878908
0.0016222530494599777,0.2888679389614048
0.14922691562096446,0.014459659546605132
0.08432375391300279,0.01209333013873031
0.00657285388557283,0.021185044265067284
0.10383568388098377,0.17139359838580595
0.006595771307538279,0.0020953860640757767
0.0035985163833427676,0.04639169249468668
0.1107024006031962,0.07308244152839478
0.031869961099636655,0.1360851224790085
0.07205149576220378,0.16818468464610256
0.04730125765406122,0.18477323334784546
0.007944376732534258,0.18414832932169906
0.19375028525881807,0.010932178422995278
0.002377449353892596,0.27886422243903997
0.005251894082522389,0.2943979257673443
0.05252997843251461,0.003685353392137348
0.13771437447962656,0.00826698154249206
0.08308147026365506,0.007376553861311461
0.33017595751136325,0.001669733543264193
0.09936595116442495,-0.004794586638720659
0.19027723509486696,8.43871750167445e-05
0.07305779691172948,0.007991950696414335
0.03786925461683195,0.12467677456074963
0.1348043462254763,0.1870953135222203
0.09119149066286254,0.049951912042353774
0.11036015151372854,0.0017543325911926488
0.4733939364787801,0.030869536717141478
0.061353345700522456,0.0172600471501231
0.1532683474886456,0.0028552069540894592
0.026514883946854625,0.003222253141261117
0.004850808540810589,0.024085531410350053
0.011627940045741868,0.46531664767496395
0.16217196942781378,0.0027480205942955866
0.11199198553807581,0.18924546972486397
0.0028735074317738103,0.003441616065642563
0.0967518731032148,0.07398974262092979
0.11517819405766129,0.002670350840733409
0.03773900073831962,0.030982228324977594
0.010900165653739073,0.009770104647878263
0.11024238918059572,0.14608510356521853
0.19855145872002603,0.0038250637607095614
0.0057628552551333735,0.003546987541795644
0.02930937808796889,0.05287026803794913
0.11518742800469409,0.003034749213129718
0.39160606403463055,0.08743242093828203
0.23289238015802055,0.2403311894285371
0.011761535287561081,0.0036722902213649346
0.07812412483656203,0.015587028416121107
0.08615602374074384,0.019119427416139635
0.5525882347401665,0.3687152281109497
0.188639547690262,0.124831864725088
0.008794587498487324,0.07446130282770215
0.06302066374553097,0.017933720780702395
0.05458618377245743,0.058616729580840174
0.1927735744050556,0.058566483590438104
0.15797348867126296,0.29136236036088214
0.005489687877270492,0.11103704018691656
0.18546395162519094,0.12956497592455649
0.09747230795204764,0.11165065448297447
0.04373647344674953,0.042018679913295345
0.02208162787423857,-0.01132715438074066
0.11787183012823671,0.13228864233433923
0.04825227546284441,0.11640918250202549
0.00243474644758993,0.07590406188955406
0.06251469842374767,0.0038573162139750386
0.05482813650222835,0.001378471975156023
0.06190626853872838,0.007658879564513312
0.00048138694003712246,0.07006098760180576
0.002024410969230721,0.09243807072694626
0.002261749706085429,0.0022152447752855475
0.023257379487200813,0.06483279090421627
0.010526985681205749,0.09853643664312024
0.004034876193604208,0.12232122552466021
0.00740594371103309,0.05792542918231683
0.0020295273297678733,0.03509113707564144
0.2896744221024671,0.09764961747803
0.05021931011999856,-0.0010125282329389584
0.09297534922270541,0.01831572573199343
0.01304403055272315,0.006764401942899618
0.12129136515671843,0.2386671756065251
0.20906972239984586,0.006332499895296759
0.23946734990445506,0.1199580821394763
0.008691398972672775,0.02302751475317088
0.03868855931054935,0.0368142096202501
0.06959723154368921,0.0744254324701644
0.008362715018100104,0.03641800418217014
0.015246615217753163,0.28044638299912644
0.042995374842923414,0.019914193081236316
0.0705254882329561,0.27914274742843137
0.12671500055108728,0.09879037056109087
0.09430626848547814,0.06479175142885064
0.038317589806171504,0.020676762628140263
0.030130510743606568,0.06871318335411446
0.05625609852512423,0.030825027418324557
0.16224282189602146,0.14243955479155881
0.2987188536856532,0.008980237944499413
0.15765546248571208,0.020353555328452604
0.016791108334706352,0.08282203251477992
0.00021175055174399633,0.2955460507978678
0.01236659279771302,0.08754154514169989
0.14023381041539124,0.04866404005916656
0.047148131173259736,0.0073973147879478765
0.0018264371326488955,0.1729797109771002
0.010407649752694684,0.014909697206165765
0.07912673885674996,0.038128592423303395
0.08077858831556867,0.006988784504771096
0.00030491602295257465,0.028629618017186272
0.06098833208702149,0.28253657628627526
0.023804441186605265,0.0016368666521394846
0.2575588102643781,0.034659417255958495
0.01457026737675236,0.07972114302610818
0.1886975536418097,0.0065634539945063014
0.16514556308495199,0.05983507210637615
0.121953788080633,0.003964240805950757
0.08746069581167709,0.18824347166105967
0.02838796479007284,0.0029283487183229657
0.03333054624342189,0.007130688541336325
0.021252262750447476,0.005914257294739517
0.07324202066120775,0.10183730009344295
0.024547315062035308,0.0028100216980788953
0.144548057277807,0.037252427078742524
0.03331927196221571,0.006063061689897224
0.03252564959025723,0.026644623852705288
0.17298082157513686,0.021279290518466967
0.025579758769797525,0.0034493337302570963
0.02656977114384055,0.04517338653768745
0.05187763174705654,0.30478055390100234
0.3308711823851078,0.09896702037429508
0.08008681936879332,0.0024379008515382347
0.018213738253152943,0.09240651049342716
0.019058819265902353,0.004221795170842764
0.001370244558256285,0.46037912923426355
0.052564110621076465,0.0993002409681434
0.07907099440856515,0.15774137633175528
0.11047495579470705,0.003467081763756132
0.06863954340713907,0.013043980430431621
0.01762222853923201,0.014169961604702073
0.06190095283748016,0.09824506312156102
0.00851548439675902,0.02316719569793826
0.016612457877061032,-0.0045813930166825395
0.37525085128670055,0.1458862773748928
0.1259721503006815,-0.00030750495339557527
0.01649924957348582,0.005075946538509625
0.07645846966168339,0.041799485883742014
0.03147781297891648,-0.000564561257294734
0.06712624409119507,0.33824663773777836
0.1432411975028527,0.016980830822153816
0.010319641579602409,0.11307029089747851
0.12307873348195651,0.16162246445856898
0.016571891912805774,0.015862626376941465
0.06382950005389933,0.06707406900166324
0.04049567428106058,0.008810028933317863
0.06831486502601336,0.0786636677875179
0.11343254590105552,0.018442370423028567
0.08356719128834789,0.06348829753711695
0.010942023921095206,0.04937367840225253
0.2053080916896791,0.047304518331796275
0.06685730527660602,0.39454326626507435
0.09777698261235601,0.0745225719509267
0.32665725425474257,0.03774014569331107
0.09962372012052363,0.12998176297402875
0.10987508738083958,0.09542351335548735
0.05393055195976179,0.09511410385851089
0.002253658029552275,0.19035063160943927
0.10251092776702242,0.0037868157777062794
0.011733237637040773,0.039504216226865965
0.1911860425133232,0.10185240772447388
0.011601356157339577,0.13842184523881454
0.19015860127549616,0.002960749959233749
0.04208074530109969,0.05916242633247097
0.03860225237082121,0.12810879133410175
0.0993026220819941,0.005638726496185548
9.942710823673817e-05,0.10825933147200255
0.3478425514433544,0.007318590506361927
0.32310308499375184,0.0009890405621183211
-0.0023687359921266047,-0.012171068295393847
0.1335163427403645,0.005350595645390081
0.05130910832006748,0.009666957386564708
0.3133810882748523,0.0027471397259978747
0.019774194338670628,0.16015087826007307
0.031094013776513288,0.002859531575591315
0.09679330527651463,0.33396844440423035
0.006943466493993948,0.04338315053253671
0.2868879776043135,0.02395783821664849
0.07550476526646968,0.020404313810844676
0.36339370683433253,0.06764035126675667
0.13081407507231788,0.15592828347840718
0.039880239749659534,0.37521554887885766
0.10711770705625162,0.23677814331885116
0.1515605333465356,0.12732369561156112
0.03829959341165765,0.03135518039557835
0.048985905730503654,0.21763586591047554
0.05106011013824218,0.36227227120105887
0.32815472905922394,0.12207596487895025
0.09855106858880434,0.01195014239549773
0.13098284839685595,0.0008133128260741347
0.12491957125465464,0.3735072355455441
0.019218930626016532,0.010037182675452496
0.21935547489532894,0.03974430763000146
0.29962503035770993,0.0014736098134528655
0.1682501153607116,0.004508602757975276
0.021855618401903455,0.008907152793480458
0.03516652403876769,0.1346692997885452
0.21465005740715948,0.11340950944037129
0.050708951166478874,0.005570627029844203
0.12957200069441102,0.03830255802233615
0.03749283404903308,0.10417729712495599
0.007305961466202762,0.16307174693942
0.14617252741296674,0.08163026653118212
0.03031300906707607,0.006026155164395893
0.07889667891095918,0.11955499880472607
0.036363434180786205,0.1339085701293986
0.050549095259773594,0.07622958631792544
0.2785332251868587,0.0029688906984001243
0.3485345445068343,0.007196256605096369
0.1617895186938042,0.1967013151180415
0.004972292563219313,0.013975917299639613
0.16486417071354284,0.004033933530125509
0.0052243346743714916,0.05390327968116681
0.027326749365237005,0.32939079689464545
0.22530647644887133,0.09625739873685708
0.24211467830615974,0.008822965860080242
0.0032506511937849137,0.008832196068912338
0.0036468047966080157,-0.0016138252510943904
0.018883625995083822,0.3403354966013665
0.007915666143605105,0.06641553409258588
0.019343504151293912,0.07959174749243557
0.00538957749193795,0.08954157888420818
0.026929359004034502,0.08843907571763987
0.0029052548892095817,0.005922934392334935
0.0075968932632044465,0.029526116509122655
0.0023501557675857207,0.010202027232021708
0.0037128513443605497,0.29458096470360157
0.18217029168873738,0.22717063262748866
0.09909200139264224,0.018913933177175195
0.3420969469840993,0.0031468727779307365
0.007405808061853226,0.01830499574872652
-0.002171757036810311,0.02411867786814546
0.017488793555640723,0.17253346428846433
0.08316586433905078,0.08229154810195294
0.12162725685314357,0.18829982416053379
0.09055681307903762,0.02880539408613263
0.14914286379975672,0.18895688167639454
0.006519730019473974,0.0057372239222192286
0.06703861434923393,0.19065595279921718
0.2694078914188516,0.007308241497360782
0.001093204267133784,0.19491432121389474
0.16167257127452755,0.006702762843812685
0.002148722629623056,0.016912890213857508
0.5031835709671434,0.3575176376822958
0.03909278135843706,0.30320753310341614
0.0017015713265950577,0.21164914366410814
0.04465615432127471,0.10223673321710293
0.049298088999554006,0.07847698842628222
-0.0003426909921597852,0.01277039108205313
0.08417642260888862,0.16030802487520182
0.01679105844124373,0.13374330103382095
0.1315921327879241,0.045995408080945585
0.0029319009923725412,0.02641725293462929
0.10121887802632423,0.041081652119214704
0.013676031635416582,0.16442729060984515
0.0037513843443781995,0.0033014101098583267
0.10081271746920673,0.11211304185900296
0.003056953821484175,0.14126254406190628
0.08875534395459757,0.11077556242207251
0.0014356006150843981,0.013470602899349152
0.010056840900954678,0.01935538374204932
0.012918716277823206,0.020326806010326968
0.06817181750090794,0.033352275372869146
0.0849228268357991,0.04393238381039144
0.24313015765178986,0.05962648986273744
0.018019990480464904,0.09660449144503507
0.02136089952383479,0.3633661664154858
0.033087457245402324,0.05577209937052973
0.016535134538875305,0.017038580234748614
0.006757117139604862,0.014773602158293406
0.010919191768149381,0.12280831136741967
0.007729053102526493,0.021562312342919523
0.06312994451706577,0.032657025863272036
0.008736311969040535,0.046030557089189725
0.03385523584873956,0.04074891653586861
0.18521625801023203,0.11374080210552102
0.1550849557620917,0.3784855854843869
0.0017280144959331484,0.41156843859105097
0.007034907311331987,0.07538293214143907
0.012283197465766789,0.07991441473325739
0.06685363052909245,0.004677803060060177
0.056619449897570964,0.0321984967109777
0.08770464664604538,0.002954153619561104
0.008736644757347277,0.2775522315285987
0.07135737397014928,0.1324858432717054
0.0012729246235015515,0.042156158789175766
0.10285072546505378,0.22271185514364117
0.21037320395809883,0.28344697741653313
0.16806030039152461,0.10518275784016194
0.3891146924476711,0.0032828588298520127
0.32969338276299015,0.340307300818348
0.09441029959959837,0.39556909698233533
0.009569505691756179,0.001422104640333083
0.23292402405867765,0.03440154656935705
0.09962629379101037,0.07513324482368719
0.00835473971072311,0.0025778797533797053
0.06383950603725659,0.1432260820378505
0.0017967036912824568,0.09265480437157166
0.08492522743627869,0.04941205928241598
0.0064213110057078126,0.04768090187830234
0.07909556097146027,0.26157102253509174
0.17470900924694754,0.013610750416683266
0.10176347967610981,0.0018125125210917002
0.014258779516199423,0.0028684762797648432
0.1795927721272249,0.10902704868443383
0.06634534770550866,0.036207208100619774
0.030569437392637573,0.03315620991200841
0.009190175601471671,0.03507244363383397
0.008469660671381073,0.04221965578718171
0.5339268935807996,0.41751326989544774
0.2760405821154118,0.09143050051706963
0.11562813389379763,0.14014894392839136
0.07104220588066248,0.29474045758609263
0.1373070883859686,0.0018931169912150307
0.027760272835845822,0.00590465288569903
0.2155137576622452,0.23100678375316525
0.023398869432394748,0.001974438153815879
0.19153809300365357,0.004877378035860382
0.0633692794490338,0.028498828845432634
0.2091627089846233,0.03552950398759073
0.02742766547697074,0.22597367950296668
0.20148235080073812,0.2196327698679806
0.1461774411318668,0.08861624497395416
0.015030833837722175,0.03513248527342011
0.052162859732417056,0.2798821401684162
0.10080106814609559,0.04087570777344979
0.2747819429862588,0.15432750439038806
0.15835883367353468,0.24211538337772573
0.26551213733434487,0.001957815758557453
0.0397106098370456,0.005958662390219588
0.05537202813902115,0.06635575819481868
0.09831469042758517,0.008752518702058175
0.4149414727090676,0.053646269015088115
0.14147002587580554,0.11299935590656246
0.002011744980105402,0.18746802012080718
0.045949976299107444,0.03705199117184528
0.011160410489494867,0.03630786514733701
0.07155013973989802,0.40519432031812247
0.07539987173164986,0.003547212796360736
0.0214694435998938,0.11636252447846601
0.2453436617815406,0.07743650700531515
0.35381907118272315,0.08272023822073281
0.016486578197239546,0.24845572636692675
0.011176784255021827,0.01307685476193057
0.22713914849611458,0.05617463002861913
0.12395797609682957,0.022904236239288896
0.18063729711910145,0.019804018433010172
0.06197347664617988,0.0038008274968888735
0.3901618758983308,0.004535020371826374
0.2247378079893579,0.03321405070166871
0.27530889349780197,0.03024429629040285
0.2504174997943894,0.008050211520262791
0.038743411954642544,0.03359056504690704
0.10542244270067053,0.3487564937562419
0.23394710340023192,0.1335089988865387
0.0007160201585996154,0.0026557067946462705
0.23812723499410907,0.1560879657726827
0.18498467140309785,0.0016655901842990797
0.022452679466991143,0.018471018545083474
0.01532023690312909,0.006153685040701337
0.004434971320695932,0.0069873565511061955
0.018837907950914473,0.01648075163996928
0.010887171315079878,0.004348332212219357
0.014055669763089156,0.005165967970276196
0.09682700702145036,0.12897838307602444
0.0505184984451105,0.015101155730035823
0.0832903443681678,0.004668908295073462
0.0027656120798806704,0.06995859407750894
0.017176931710993347,0.11466757519545041
0.09873450266093556,0.01059064499834306
0.1403382983847294,0.0754691372604719
0.030237329070133125,0.06114457558731713
0.019865505669517267,0.055827499116833
0.10850142131417413,0.08039784455690312
0.07270476513611124,0.01339734702799452
0.0006938712981818127,0.015782906577612516
0.004998160499124934,0.14561459805404567
0.15030177677122825,0.028186186513091464
0.10626085746062224,0.10134674812475465
0.23317587874808204,0.06899030989296397
0.05109327743228812,0.0039454681141219364
0.009526058361153148,0.026126216215675034
0.1739265016434918,0.1635351425292502
0.18828529411638129,0.001946274813209784
0.001119770967901215,0.05266478167574585
0.010735288002804698,0.13742729635851406
0.6435030502967286,0.29563028671194647
0.10027724120401917,0.0029112554320900926
0.002990256912640815,0.03145611723016343
0.11308309624756764,0.05641664435627272
0.15634323473484515,0.0104842813277128
0.07307550157615449,0.0034989636123410137
0.06658635834099717,0.23950893722776695
0.03755788930770099,0.1638793978541079
0.010689785000961202,0.0034436085623585234
0.010864095338774062,0.0032432376432588055
0.1141184693170495,0.3936727148890689
0.004519564983293231,0.004985778736012909
0.0804440776377623,0.012865660910485103
0.013037783238247221,0.3112178281632617
0.06974890449993378,0.06816115403665915
0.13803335749066106,0.1787978011542122
0.006578226004759491,0.11537467833844217
0.11510531787179945,0.10303860797817031
0.19173229882435042,0.0545435864095391
0.19420888249904655,0.04333416276295876
0.09782611069257297,0.001933539970215857
0.009304447299137307,0.1136743345217769
0.2536345848665564,0.08106364287684124
0.053407713691305814,0.0119682758013013
0.006121229387222771,0.004513064537260447
0.0024135279907512223,0.013903633569449321
0.0035974614276386655,0.002790517960504482
0.008945945572164975,0.0036159509781956345
0.09925108305624956,0.003877064606809502
0.04248760916645905,0.10563316748876117
0.026220014393587395,0.0017553777171434189
0.04530157064352775,0.049104864697418996
0.3128323313397642,0.005887852107269586
0.018696336789574892,0.2459761893015956
0.008701799587802482,0.11000136339140845
0.1739144298747873,0.007291382641002693
0.09444003237816131,0.1044249683785376
0.024586822133637085,0.02248220511263229
0.03241522541959246,0.006422560843569002
0.28244761460264345,0.019235822871912046
0.2225427198073151,0.4613671710379947
0.010619726698949237,0.03969847317199586
0.00811454888572948,0.036083010848390176
0.0040082337588630175,0.0047144782501539915
0.026063135155054235,0.12754187954805224
0.3138473879689339,0.14177715503694324
0.01327732640885824,0.020946053934166244
0.05395929706109899,0.0727435637705166
0.23293928207288142,0.18058116852085093
0.011934152842096911,0.03128724597936334
0.26333824961260116,0.0698384583559562
0.09817823083017885,0.006881293780950798
0.12266522471149807,0.0033616143242559105
0.07266632232055072,0.13559064400605328
0.07746182089302421,0.09417655453393377
0.007371111611283752,0.01193637509855139
0.024243439933735896,0.004410537426745802
0.09805915836943374,0.014942025464712242
0.15119036059730345,0.12642998101444652
0.14644487806586554,0.007349549908983176
0.12763906508750378,0.04146011994422727
0.11934773375039757,0.4736217299228305
0.12934721210763792,0.18780380854635637
0.03907545764245197,0.19732196590556128
0.009294653866510665,0.06695736173505468
0.13044599545362726,0.08742297907444248
0.022376253682537203,0.3805249666458153
0.1058670619716728,0.031104553214497177
0.06594139631901486,0.12487997285053545
0.28850265865142544,0.16790701232773086
0.012262803254092763,0.20784754663679136
0.06465861595826816,0.023239472626024115
0.14850835401784465,0.0068336129564031895
0.1297714625290954,0.17704902924937826
0.18664776090941226,0.014051490204529301
0.008515872194558278,0.047087115165318306
0.13851696073977435,0.08144195766136338
0.03785398989452246,0.18975903552149218
0.3220356482756024,0.044718484093458424
0.2669464019090674,0.05553638908636645
0.04315075790833451,0.23125196329395806
0.18592170411877906,0.010272745544126868
0.013404357090743182,0.07294625343273661
0.00961387580217109,0.010469080610818807
0.0028320502917785657,0.012458547097293016
0.008157561540641558,0.014068472051901702
0.003352688843940438,0.04397628020885499
0.005186885956762907,0.00854047915712037
0.21573043679791654,0.06570335652281839
0.004845531276472538,0.27654566124829316
0.008143684382253377,0.03803363689967377
0.2967103456662373,0.004640636815472054
0.0036421437638164034,0.027187954308527402
0.08172421541882062,0.2940321645115847
0.04682773806529588,0.12728538982122586
0.027362970708789555,0.0019552936742609395
0.24391219116998414,0.037133671936067626
0.03815446048815077,0.025595066125428292
0.09113801547312024,0.008504077446186323
0.06146595323170409,0.035655229891964464
0.13829109738675666,0.006420777218500896
0.11543811571001066,0.05612343036399208
0.0306058322258877,0.1797169753726228
0.005436024506133079,0.13096761983532632
0.025769751640856025,0.08353222737489341
0.011854572177117731,0.07182954388941938
0.015690137879767602,0.061315713444938344
0.0024871922501764317,0.21894650560253812
0.08720779526573477,0.04594517826634107
0.11596445627944715,0.24352659962227738
0.011384149004638997,0.14980865060495824
0.17405064717531515,0.0012001999021546618
0.018912531060651015,0.005357058475585783
0.23311808981351517,0.23651898601281093
0.19459190228651485,0.13434409259398536
0.036759635593657115,0.14888401663658918
0.0387629563194924,0.031169970661268295
0.19254473561276853,0.0111655362091157
0.004626106285807599,0.007758420796839366
0.009826585094503251,0.07913227774942884
0.025058936679006168,0.17914246397063086
0.0006823493631031461,0.1693563225993453
0.00667942609912304,0.018793314526182058
0.05827117083356641,0.01782960402717819
0.08791524939070036,0.08679387419819447
0.1086138051403613,0.01708688424960065
0.18296586807489582,0.4082926692657048
0.03476993262558416,0.0575395548684313
0.045562123942158674,0.0013747017389446716
0.013909499988029504,0.004565933125825572
0.1884091001325219,0.013502309688254707
0.03285120410771357,0.05348240157610123
0.16064123698978616,0.18172509384260746
0.008816454416401972,0.0017457864127996463
0.003723104080274676,0.002250977125114138
0.047505696894202865,0.004613203363715351
0.0028211567766605367,0.0223197031899574
0.005679065865318503,0.35009328431814196
0.015576593538166702,0.015327072152617988
0.14028532649472802,0.15364130590287212
0.017460660035838432,0.0034444503910328115
0.016880041463647612,0.012106983238234188
0.1433590456606896,0.0014125463953581956
0.01284483631441045,0.04661737144255591
0.0568774636906821,0.007447674457052732
0.009501901403885595,0.007275227449218396
0.02090177313844953,0.030387130772710855
0.06940868315868937,0.06204433613026671
0.011537186989735791,0.0040017646733793485
0.027184403951790916,0.004103498636854541
0.13356206082226904,0.017984238345918696
0.0030263431163923206,0.002736610883708216
0.009779096700176546,0.005649011428209376
0.004355334225672222,0.003452664578358315
0.03836968875714007,0.02185111501427211
0.0664673963191766,0.1587676562079843
0.032629872477688324,0.05165597786507461
0.046088555663298426,0.0054404633891600015
0.09101379861153186,0.022464626747392365
0.014961691895348704,0.024657135116226116
0.024595009123362557,0.013906320657840008
0.031866790058210234,0.029930359215447053
0.1534518744772986,0.09101816242341365
0.09578363154223184,0.0023341151377361557
0.013301207027960784,0.11374706434791969
0.017127508950982747,0.014679578198334197
0.09187894435271571,0.04820258911418701
0.0102935304165668,0.03550900128213373
0.019640896840703283,0.011229913796793733
0.03878613385685931,0.055581459894008686
0.03643747841703877,0.1005853677065997
0.012157067748384584,0.002423814234409952
0.011768964175162527,0.02548322906067145
0.05178075754666068,0.023485037890734528
0.011083695395955228,0.01051856237254302
0.19450669004924553,0.026546233686029833
0.003191705854689093,0.07288049812168376
0.021341668381805526,0.15189252518973717
0.035541566040539166,0.0017156985798121162
0.05156509144848923,0.0044286869086089505
0.0600055521928242,0.016193362952234364
0.008907740977983053,0.004013780011054411
0.04205602479836539,0.027532600028199693
0.08734927931374017,0.2970207123175305
0.18653227897469138,0.009531270745137042
0.07916681570288775,0.007109842596348246
0.058968721959770896,0.24016573134809577
0.00823466394106298,0.13944583590101342
0.024286829102413164,0.00654360939550114
0.0050182051484236,0.01210582835561687
0.044753829054579024,0.00035820393033845
0.12768637111103254,0.02179167776573429
0.1554803469152673,0.07666935427039633
0.021943513213712774,0.03877109527197554
0.07073043899225469,0.0201508356042069
0.024143848105491274,0.019161146392168458
0.0010997337985992662,0.0036321993002161805
0.022592682070076166,0.13857058723840757
0.08642413511047019,0.023882920646604487
0.1595780923161373,0.051202631253225724
0.03794912162329673,0.017807211008816895
0.07114286984470011,0.02789603795374538
0.003633945367430704,0.01541111857596026
0.057871627603432875,0.018298506132027183
0.06134886857926827,0.00239657334079881
0.012462114455369537,0.04706935844784727
0.006518190779477414,0.012715463093730726
0.013354540625690765,0.01824929625470243
0.003917013826725874,0.07581998999892857
0.0023494260642554945,0.0034963200068753096
0.11041150184534168,0.08210430871268679
0.008449442913597949,0.02566770781895607
0.10196619480291856,0.0224413334600084
0.044463549694470375,0.006145768615897982
0.016248237529661064,0.014922293287636872
0.29759856999974554,0.020454832699792168
0.13008210279050447,0.02696477263376211
0.10102892281675799,0.13294006261860336
0.048177787063557805,0.013230512912066459
0.49364206345364003,0.006188218454156025
0.11186545040086845,0.15223013803957852
0.03725151125246103,0.026160205697650617
0.003013895127885045,0.020403005214957356
0.14546452645082908,0.03160175712505477
0.02438544455732032,0.014393635345828269
0.15708405562623395,0.0032476863831988833
0.0017014661169930019,0.03284446311260544
0.012646797901210106,0.32384246058786603
0.014991209323171448,0.015435042957948267
0.01424160661296588,0.014934358480808381
0.003165192337672299,0.23927357512110983
0.0485786243593088,0.041538946270256095
0.08467857019104617,0.03369897458554897
0.05005685937954758,0.03248232508488995
0.08022763000146345,0.037523398248947216
0.14346292366042152,0.0027556795636158754
0.04777279321504795,0.08562529777534776
0.27536761165883267,0.02507993466502629
0.052176778919772134,0.011224977684953476
0.04038364861883724,0.017400452912516497
-0.00172902924594501,0.014963447131654957
0.0009880862764635975,0.03406769674208475
0.01617812898869239,0.09498399245601423
0.022618273179267113,0.028921524795179513
0.02587734793000012,0.016967776476566547
0.023368971625962614,0.05725872198955902
0.14617213418993283,0.0042293950498564735
0.05416540705140726,0.019621842249824602
0.01502402429448961,0.03664391129970066
0.005660089993344238,0.0016482868750088682
0.15859659466440276,0.010186432525020397
-0.008631147733485793,0.17037282536307283
0.2223553304219434,0.0771594152311544
0.034351217865998394,0.0050552094163365405
0.03967418229722596,0.25829607023876316
0.09559199812870192,0.015096047433110006
0.014324362281590997,0.0023544601395524872
0.03630992453193194,0.08761201094643556
0.04923873569395486,0.43675068049706417
0.19678163663304757,0.05584472068294672
0.20613221974158757,0.009955445464256885
0.017415134159277448,0.01944275582199862
0.014506373661741167,0.057481832328420183
0.06784285438301037,0.015449022602523134
0.16836062274167632,0.002997957142025058
0.04271664160550048,0.017386840432966268
0.010339767600967942,0.12696082885612636
0.013506800543868856,0.0063453235225042
0.007769888234990001,0.016087284167824827
0.007807795986379781,0.057101455238368175
-0.00039945249193643794,0.007576670464434407
0.019192778000613045,0.12472362476707939
0.09236091455816331,0.013515588902883093
0.03025317527399447,0.07659859762186845
0.059773190955909834,0.0626104117759282
0.03841136465832244,0.3286078248239272
0.14516684336836413,0.006038483206100283
0.08883894744024788,0.003249819319432439
0.0021609254457603424,0.021329634094839553
0.008543820092672495,0.2490682735925764
0.008685610481673807,0.01578294576270452
0.0015760000046586883,0.12451473487508384
0.0017696438335293864,0.014416370756291213
0.06713942878165532,0.032367001650221786
0.011067035086031811,0.01165600989631545
0.1396973444658269,0.03838427382354149
0.00885989588637217,0.12033862210229013
0.08537553201375879,0.03729104024298082
0.1763663572118168,0.0030407025658121126
0.019389086729463493,0.06314477840575018
0.020083774231180764,0.11040368979792925
0.0020217407115805655,0.011564170304413857
0.017326071861844625,0.05069868706464185
0.01280166800547015,0.01497601327608599
0.11017049165025937,0.04467653747392883
0.0017317347937595988,0.011817162787308695
0.13663667553228984,0.048074712534635085
0.006522785963727813,0.025660293589189732
0.05727823175770789,0.03575852346504628
0.009723783908900219,0.0006196260514648151
0.04386808165407838,0.009477875061476347
0.0716754156673787,0.010924331302082138
0.016391691110341187,0.007135211809002623
0.10012509869544607,0.03249786113864507
0.020784328884640102,0.04658998254256697
0.04105768378156197,0.008655321246615225
0.11647976438563183,0.15849414558671895
0.028251876536374457,0.003926296150094095
0.04819119823180436,0.5293507102664555
0.1671524878100364,0.009952936939044825
0.2687619284430071,0.006150711220981796
0.020569542368212002,0.01324361702862387
0.012692019480783077,0.017677561308421456
0.19660074740115138,0.1686782446767356
0.01221799314110492,0.015164933672835713
0.01422176274155194,0.11219419132852948
0.07633307791925883,0.006373369838044549
0.022699921620398206,0.3456481863055251
0.39417110028124347,0.040114283850591265
0.007269381891258465,0.03492261371207705
0.055056347470523286,0.029634879139470993
0.09270616440686022,0.005585804362691416
0.04329533833963142,0.3488594210088216
0.021183533315514834,0.00896429096267476
0.019971993293756284,0.014991768316757635
0.1595360577193521,0.13233499414020233
0.00014678936407338828,0.3492028510053197
0.0069080141916900775,0.01080057470332339
0.1742296308308105,0.016412004755737734
0.02424870333751028,0.09340568282330275
0.013923365863646342,0.0029644006979138915
0.008963933149885875,0.022558811445534142
0.006314084994779535,0.013672920331449396
0.06213729622196984,0.10126210145697179
0.03370273684462341,0.16740351192156763
0.11381430118822547,0.009101499147590375
0.0014151907877081877,0.03559646655063447
0.1509611716345788,0.011302066015580417
0.17697531808213185,0.057010958919979066
0.09120455744969612,0.0014355387710943365
0.011910354806768254,0.0005682667075399798
0.22107051769903674,0.011062918765520275
0.01335798800509061,0.04358341805301944
0.04912950514651323,0.011413043781408066
0.004239227630542486,0.04334246357834404
0.0019272533412361657,0.004137567653395548
0.19751873338726353,0.012659662376824437
0.05256235862328668,0.012618950229363044
0.011204387813343155,0.005416444934117129
0.06534868416892975,0.011639252269772107
0.003583047914484508,0.024213145601487934
0.20157242195892888,0.3025989890545064
-0.004716004557303458,0.11174917648977002
0.02086072770750397,0.04117056440336281
0.09245889205542916,0.010507977969430746
0.25168380573680427,0.0023817595622919047
0.030122741182431315,0.03401270470113755
0.1399941362941026,0.004640613688509604
0.1404793031549255,0.005647086772457063
0.0028501517955992445,0.01531961909278521
0.027213513102519665,0.005169428563018656
0.3930695431782159,0.11213188699470669
0.6096255876822434,0.0036001435062855873
0.03199063846850526,0.03686852661829966
0.09757291742096719,0.016221042096562884
0.2857423815250001,0.02620800386274253
0.13618654031572436,0.13410482809756633
0.12641012239925875,0.0004762532542325898
0.09388398374163653,0.16324589878176565
0.1149503300708132,0.07755786051040378
0.033079083653327346,0.02134335557759889
0.014011221526515651,0.04046548056392839
0.03212469756855803,0.0009133329979094515
0.24927592729345593,0.19696019835862963
0.06291999587891067,0.0670394863041496
0.03320865533411409,0.006034063767912045
0.15812236916204986,0.03178079964777145
0.0018052060418448563,0.016413681157913498
0.0007574936928744218,0.21238458424141773
0.05088049013387584,0.01660488897835829
0.009909587659063536,0.002242498107553416
0.00416141054062505,0.00605587391742516
0.16731939142787003,0.25491525026802275
0.03729430037420246,0.009665773581799077
0.02531507278099672,0.12335861350651273
0.02002391084924619,0.013218324555805896
0.004022661358085197,0.002897317451220795
0.136057039851731,0.0045590639688261065
0.029291510955757577,0.12486633199708704
-0.006171283050691192,0.08157435927876822
0.11697410717776655,0.011590964538338206
0.018678805615372895,-0.0010505085920160379
0.047645293637307816,0.19271245629410164
0.016055698262466594,0.009270180931809457
0.09138301494928375,0.01900046763217026
0.09035489772117973,0.038055368388055885
0.0204572433206061,0.033149246742907104
0.015748386666409087,0.010815488239415041
0.0028276809498754764,0.006886632010171233
0.031199342503084683,0.006265473258612865
0.004119058033750439,0.04964642538505922
0.036623165999291864,0.006955288330051557
0.012825681084062426,0.12425441696203447
0.0240384423391193,0.0013345347060346878
0.07965234205406722,0.03517773706991132
0.018448075666257096,0.008361954751740919
0.0028317056314008065,0.011449436542318048
0.013863793081828465,0.06390724160230415
0.3882385304756941,0.21113908908685863
0.004208537112994467,0.000610724158635225
0.00919259035199044,0.003446711272455292
0.012517415104292147,0.05368514502285973
0.012717052061442222,0.018538877954304315
0.00815223236581898,0.03688074257382818
0.00647589007968811,0.004890725688358356
0.020519894791365196,0.004821645317900072
0.017063069312454514,0.23373904732797407
0.0025507372198103617,0.24519358860038867
0.05152685663795075,0.21451095357831446
0.22740378587570637,0.1665514050914705
0.12927578282598723,0.006719822482383773
0.1265253530325545,0.1233863828759969
0.03748901341253359,0.01202004414871788
0.011411282694984246,0.1949282226905252
0.020941001251632084,0.006924798150538001
0.012333095509535534,9.758112901459004e-05
0.019663338874795648,0.010261600064962666
0.0259204324336306,0.46953186724579454
0.026881004605818992,0.011889422986609858
0.029684246787954057,0.07691380808477698
0.010742477656352644,0.01356304921011839
0.002650495665544117,0.06965798256566869
0.03120590427377984,0.011430059632832392
0.030785180620328877,0.0660957322287621
0.01685861082538411,0.011535059552186932
0.0332633458755226,0.047532467518289684
0.05078532133420595,0.006908937917090988
0.08212808338758554,0.005494320996152422
0.26225024419821574,0.021412961867229987
0.022107832640461757,0.04959592485271493
0.3100485001427536,0.18348077403864055
0.009854442085058993,0.035789086380341686
0.02223750243061601,0.002906808706471764
0.2810045247551968,0.002198800974236273
0.24080149296335465,0.00873652482848103
0.19404257781912143,0.06892008879281866
0.006181917859728915,0.0665311854309888
0.0020797344308949597,0.1285233749087122
0.029361403820414436,0.00756922111397011
0.06510074088586267,0.008646539160649678
0.008518783088842368,0.0697518764577308
0.10024346671891815,0.007064740466881089
0.023293768271549862,0.023089865231826653
0.02361222205233735,0.008000048069799811
0.09147943686199651,0.04479402323073148
0.01454646870401295,0.013259057116819774
0.004282736635229974,0.007489389804839615
0.02168887609642038,0.006437893945078915
0.01504167011976831,0.007560003084162195
0.12654041220950527,0.10214369465185313
0.23818060831696292,0.016152678797394918
0.37900482236387667,0.011508614403994727
0.010414310795794952,0.03429494871659447
0.01219495333713626,0.006723725339879994
0.011659730585307964,0.042415855302286386
0.18878073049930974,0.008015870688547833
0.2847158128784257,0.05681523871449773
0.20039287767144706,0.03820434142361725
0.13556650672550155,0.009104339893148974
0.07318348258837648,0.05924442718339566
0.11410232820579604,0.00607037495520907
0.02967860225700295,0.012107899305083764
0.07058177872640506,0.023399929155038406
0.07536299085602802,0.005835310675476594
0.013955981010017934,0.06134174890969111
0.04147096509745089,0.03146176466083046
0.12421960656278705,0.14117262461020041
0.07111824328403889,0.007119086140202711
0.2869645312054959,0.03778969274782034
0.006650534619273833,0.15555562562957498
0.08306167466244095,0.01606124162732726
0.15216059605566057,0.00504232995539157
0.09253855953666229,0.04773787750166228
0.05094045911554494,0.018534951109212824
0.1569372665415253,0.30026025564045394
0.00726813756188913,0.008028886351655716
0.08071125171794705,0.0005128003477473664
0.020418594207571326,0.07787739022219456
0.19729856193050713,0.28688096845382427
0.009445118323058742,0.08273202169478885
0.036141323370381284,0.021518632017288316
0.30704694128032184,0.0025605101306276253
0.04686023722604285,0.016825254229151446
0.0055224296554779164,0.1278733115656977
0.05851443607402978,0.009258531645816668
0.006758033914959623,0.03308971048040342
0.0011931027967320414,0.024961432070042287
0.10405971887744789,0.020171336232647885
0.06239897548076413,0.0454452841555145
0.011808765368601542,0.00934963980522676
0.0006436259642566549,0.07953901425664488
0.011721878353749668,0.005279066700083637
0.008282510658608142,0.052617784154256615
0.024296525745184618,0.002455397357187029
0.019473576174674406,0.1094240329898468
0.0021060028340103613,0.0935447134690742
0.0012167853368138225,0.051908177129202114
0.2259763755367176,0.010588954764715674
0.023123269191696216,0.00827199140412555
0.01867610035382912,0.13314823766628386
0.001836222270779503,0.01447435157473103
0.007620118289450429,0.0867414859146477
0.24408870945837613,0.0559880685544898
0.012124356163512552,0.3432357360602059
0.016875202337419033,0.03847872357456042
0.1774369822383894,0.06885078113227676
0.006118565444789929,0.027071862756360872
0.007808276038933816,0.06194995163699601
0.015544145833413653,0.048627568165388456
0.10527675259850038,0.04366201918844634
0.3690843840190063,0.033550343546091564
0.07200733440695334,0.034098258610497284
0.052420746849612475,0.029694441128838702
0.05079548813549776,0.04692449717303193
0.015004805846152325,0.06776180271791755
0.02037746391434015,0.026791409299345332
-2.5656567422669316e-05,0.009168517995361346
0.0059146625162124315,0.006884201210805952
0.011101202466622953,0.036103151818381106
0.24788277482659582,0.0057037880323882045
0.2933123694993781,0.011234503289388575
0.045510317359839805,0.21852711311441927
0.02656315693054789,0.009192832239275433
0.011681406952682973,0.015181550892243562
0.013827357096910173,0.010639844611414413
0.17387479711861664,0.028883012790084574
0.24947778259909925,0.00596574777679619
0.0009242357968835624,0.008703834748123593
0.03661453520088902,0.010671310282869856
0.04769070952241006,0.005698933638405223
0.15652829354141995,0.018216149307650184
0.01355540458007422,0.03642053786254005
0.061036719652033306,0.02604871049186325
0.0994422718172371,0.008179346978061669
0.023763739748377213,0.1473497484170706
0.09102717241557179,0.1824977517060403
0.09129175038048384,0.014599525842536605
-0.006895963885186454,-0.008509658592884713
-0.00031347008542722556,0.005654308002998102
0.022277710166765614,0.2922090458943684
0.006527549556266288,0.11191617437436582
0.02267010834094631,0.02700015528261836
0.025705955224588708,0.030734658809443025
0.04104964959667594,0.03224382182822651
0.06805578449156517,0.08772362196639193
0.012730574055577136,0.0750562777250689
0.33420722857649987,-0.003018295264224308
0.10395654648911447,0.008426033844063681
0.08720206573139735,0.21355738569435984
0.020219018160118313,0.030006450930052622
0.1853560626200854,0.165070138283703
0.030439114628114047,0.006023542656425944
0.006216545165772539,0.018022704944770904
0.026037757794495714,0.035688930505257704
0.12575797209554043,0.13342939500035025
0.14663052114661235,0.06813422807955533
0.03663633261814443,0.004423399543497151
0.0021886581993196016,0.016459568774780324
0.14772952854464982,0.03317881093665479
0.014155160652999458,0.005029156454396066
0.06271999485387364,0.01676250892775965
0.06672061886958415,0.008110794578238661
0.00955823037858733,0.013233999648247678
0.02988095943809081,0.06345359849610319
0.018701142949295424,0.003472909953508679
0.02573565014066294,0.04050563614922386
0.02848414129239046,0.002648680767578453
0.0064568186232970125,0.1281272427026417
-0.0005505172933862068,0.03627563890549122
0.017286748907677583,0.00922767352152577
0.005487058343778476,0.02580243381497596
0.020639642032438853,0.19086095466438188
0.009939760879994103,0.15030151834807434
0.317990336347873,0.07751938781461552
0.02217283774037119,0.01228921971421431
0.0104171563501017,0.014752502407608782
0.05639897032481308,0.01229623911517402
0.06585096188553197,0.08492698128373127
0.034122489342478676,0.009709012845265487
0.009717412210977217,0.12378711257067274
0.09311873940199188,0.06225819019746326
0.02685460830394332,0.12868627206234182
0.011412648912272566,0.00804432607631338
0.018452200640060597,0.003936908527678489
0.233385674126161,0.009278264038530751
0.005405210166737506,0.20362316651788456
0.022135310347444186,0.04356322667584293
0.028652966191131248,0.010573124924058873
0.014651003288248017,0.0024937095504518336
0.0022564155808145283,0.015939002927388597
0.005603876906642464,0.0029749627428608412
0.04846435720453005,0.007199604402964551
0.003871907462996721,0.04273904017265353
0.0030941936925883338,0.10194443739043466
0.12774579902610078,0.0396770308011576
0.05474897066654447,0.08168443025004099
0.012631575921543195,0.012706660446150715
0.06930400944450961,0.004400314729899362
0.008542930067248428,-0.0044977185603057475
0.3491714140942918,0.017751845523787488
0.006028728437542411,0.04696303597955183
0.02295678503725983,0.019834845723350324
0.15933264533613342,0.1131692374175809
0.06674999048058393,0.059169055511678156
0.013526522670402094,0.14297542234005362
0.013309698958781715,0.018536539615514876
0.14135216703357514,0.04217988755553145
0.19849709438479898,0.1961802093112711
0.15120938734533718,0.05266419921571315
0.10497102511290118,0.06672674226581857
0.0099604766512633,0.055296400591032774
0.026494304041919273,0.13374673258258543
0.09305005008612353,0.02363656262281817
0.0034521118466699988,0.003513390907676858
0.0021377182023847147,0.013863681451521287
0.0851274456220337,0.036652416362115955
0.0018594346133161998,0.04309139337700797
0.18475485406312717,0.007836144977268141
0.14818545072356473,0.006566935216300546
0.03706648553105509,0.008597715075557876
0.0009446379929423651,0.04697585579899914
0.004081005038181385,0.004327541661800129
0.11242287720197397,-0.002201819256000655
0.4591004889685739,0.01402595887584955
0.06006272691873493,0.026662171755972793
0.39805944174727054,0.22095212026336902
0.036736545248408935,0.0030941060447900043
0.02761521610277418,0.2812338734436097
0.12594518400793414,0.010904834689031
0.008434626086803327,0.0009492498466786777
0.3729555651015766,0.07331814861796197
0.02139228427171606,0.03491494546857115
0.013119674715897846,0.011628872757028952
0.011698818515088603,0.008043259610149983
0.028083871202598493,0.0016959291206834319
0.005404046395628504,0.04078863734865926
0.1302104617581213,0.06140664670001086
0.2529744404545173,0.0381689257307685
0.05841163237158888,0.0644237738752262
0.2194310955578661,0.03910690417860737
0.019212699375477985,0.029286645695850228
0.010219460218010103,0.051980170845492175
0.009658311892476028,0.043299404327304856
0.09183443001210385,0.010493041866560492
0.16149524387111658,0.03574224276302644
0.028516194269423253,0.043866237865606277
0.35525747594949,0.08321594472619487
0.08908582149530553,0.029596885723806976
0.043020369958583604,0.06626528978484432
0.0031241099446205874,0.1357589967542971
0.1145051107456005,0.143738161969578
0.04568545073717881,0.001123837857019428
0.007785787417649871,0.017192988777741447
0.06447089989419555,0.01571169363131863
0.013839157718829168,0.00036630562373142137
0.007987885278691799,0.00886852759219265
0.029937689113582053,0.0029025356008887727
0.07075802368306984,0.1286947981679296
0.02794884264015152,0.04951724873509311
0.10493484091932903,0.008108645196255027
0.19109520585783368,0.25344486533008975
0.004948914466421619,0.004559049830482932
0.46074518037994217,0.024100121930407677
0.029915506634046775,0.05482532598804215
0.04962583724056009,0.012341881359448614
0.0017338467003049107,0.03065453938086889
0.11344124157341114,0.0019771707085380567
0.019606974959495517,0.011323111331730178
0.2997015760437825,0.3654812637946089
0.07740813461632934,0.21083386371488216
0.0383907762740699,0.005699020921178669
0.1918184520754633,0.0016933336951834707
0.14478392382625688,0.0010865516468246534
0.043256046286266975,0.010205253843941355
0.08550879628247766,0.006357361349680046
0.06012940888693995,0.10970387692974339
0.3617254317219719,-0.0024386611195862033
0.28313659095238275,0.002039446504495359
0.1877800401693466,-0.015143649871057104
0.17009060950800062,0.048245745963840625
0.07604553262094192,0.0185584481842236
0.1245513602947048,0.0042145478727942595
0.27754999368701383,0.06502124468920015
0.0725233919240578,0.03360537120726576
0.12564918806048325,0.02763338082209066
0.042556083158977596,0.04050195662630658
0.03174042890968164,0.00167789259755976
0.003789655847284463,0.0058304722783518725
0.10868520087436828,0.018321145648200986
0.003733491364329267,0.018292872433871038
0.00373258256685035,0.015980054082667585
0.0005507530404675887,0.09430999242830294
0.1308205469378877,0.18396079467769855
0.07419035147395898,0.008955468184173799
0.06824010173028217,0.16707114506973553
0.023450647018409973,0.0632916568944231
0.13941648314783459,0.11898427670628864
0.3848875024371933,0.01718324596885756
0.011986735875773008,0.1362845347143225
0.17104859745840761,0.006598536675453075
0.0028453876947879555,0.3121520769431743
0.16877759534545186,0.05666405220282939
0.12120042823406829,0.005655614439974074
0.1512105798962022,0.365224956417603
0.45942362187148983,0.02071199586662941
0.07774208635420322,0.018458367905172586
0.09276437088679887,0.15884921532231625
0.04879334534865132,0.031746992338555456
0.13104228886587999,0.008820875661816668
0.027049364801818757,0.016061196194624372
0.19581880675092647,0.07565635975876554
0.025941490105736358,0.07752862083907702
0.08097747716243558,0.02621245904354063
0.029553158421638116,0.011870846885311016
0.14633976352694889,0.02949023851834032
0.13249480888911863,0.002185536692249248
0.1331454612926923,0.012691291787865858
0.21978700933871173,0.03455744145015897
0.39893225688874673,0.054001938793393926
0.27880369719711595,0.0490100650107997
-0.0062846178121398364,0.015702879734592588
0.1066791480925906,0.00242634050238133
0.052645658813091994,0.033053061945634725
0.07671350466849867,0.03872455904185473
0.03745421793590374,0.03314423668732402
0.1411855838882813,0.010160631028160895
0.08679900821726831,0.05497624591552245
0.0033162001780507014,0.061311421656848615
0.006443961968334767,0.07847126772372308
0.13627369380780935,0.16899530944407518
0.07067675430801622,0.32102228424075635
0.07426404712355145,0.09876827325671993
0.01391214314699095,0.07892741448700998
0.021639951577261157,0.07057848967335448
0.12539681959458115,0.013868373998778522
0.006168241453528288,-0.0036985445784945693
0.0893372448907347,0.022053339267968715
0.023758766824068408,0.06443944719529655
0.02569735366637749,0.06539018685546164
0.07098279374668943,0.15582098326266633
0.16781812928699982,0.02372568293167283
0.1843318151858078,0.00828386628067319
0.2552667779025053,-0.0003612639325277297
0.12084582330770245,0.022655257420083896
0.000645465775174785,0.014448429731402902
0.15917137734472098,0.05351688594747034
0.05394013834229921,0.009130517267672503
-0.009228124238252478,0.005568091881576983
0.039452168909733576,0.007811629402189857
0.019880022592459242,0.03395591244460739
0.003425421283503904,0.05363616157634161
0.3164697480720757,0.019445322969964617
0.025008018929788104,0.003797040514516141
-0.0010254859962175367,0.093378741813067
0.3336986762652441,0.0020134565514319503
0.14309556158312803,0.027871282046120913
0.004796340800189411,-0.004346972452373239
0.02260961305087679,0.0668478407591262
0.18596034423634317,0.016259710734528265
0.1043634757732971,0.015617891029126658
0.055548305696160094,0.04774068611383904
0.14724388058249005,0.01964313910982193
0.015629799460994524,0.09452653102643331
0.32528265616496616,0.01974749976981136
0.019530281445950735,0.026209087030166
0.23309057344008852,0.012647151748742284
0.18881840649824988,0.010525760616644913
0.08073801603909057,0.007097893712467551
0.1774317493422091,0.010871075376837193
0.16150417424044233,0.00624407687376712
0.21416947642836087,0.038253854671366806
0.11010272822400634,0.039777756939865336
0.23467206766339616,0.026599802778270114
0.07252842865601981,0.004531995089713113
0.2699345523066631,0.07745010855604419
0.013332441170743987,0.29262841799067263
0.04306946177428052,0.09039307707135526
0.10738573493850226,0.036086870425844006
0.2515082922014439,0.00898260510097085
0.0026703847764248576,0.05510300394835826
0.07837202121319699,0.060146184623695954
0.24834902035572623,0.002989273294709013
0.2562496456199039,0.034577711909630326
0.14434496572796945,0.024550298945001024
0.013475961886868186,0.015620854290574377
0.15615757203358652,0.01178746745226165
0.013723929328251448,0.366588021982508
0.1774997794270283,0.026180827308710467
0.09961055740547431,0.053512612329575195
0.00965441921529132,0.1429162592114931
0.0340875875788081,0.031987591681852924
0.12259924034697195,0.05945836697214542
0.21394977958625588,0.002954897933528519
0.01846431650803705,0.019472267002013866
0.003197882084855659,0.03535445703164176
0.11497771555597691,0.00041103103708963287
0.0938065045139149,0.0016858287025659623
-0.008510198217735587,0.002558004990462864
0.282869602198898,0.11442997192103754
0.02307173596304127,0.009100381829606988
0.032257247723110845,0.003552987938480388
0.2636827290830289,0.02556508804659897
0.1819782878932615,0.001071937396284766
0.20946406732033077,0.014507986997854293
0.08363547087530357,0.02278551593652773
0.019756344112697555,0.0030265559744917354
0.1451338134405196,0.004168997338343491
0.17994840144123392,0.01213498747410059
0.0074730002302292155,0.0420942926600833
0.1268024074079507,0.2254408857111185
0.06676910620336393,0.007127451665172358
0.06093072593273933,0.11422921556542513
0.1257794511879711,0.002006096712771296
0.13072616442500895,0.007088223722307816
0.0789950288078466,0.13239722714824864
0.12914235163698246,0.15521496951753752
0.08607976796899107,0.008344915893638729
0.007679902206642895,0.024789458224126208
0.039196442854798924,0.0019628129616825244
0.052547649977384606,0.0022057812154990526
0.10977272440046361,0.0022739823643856323
0.33936635191916814,0.002747411505859955
0.05328104481134164,0.0030704289100861515
0.015850696461817897,0.005373907510012927
0.004165543165077751,0.010839735738659083
0.0025391673782221504,0.0026538990634692276
0.32608415272045926,0.046140537624005384
0.005343542361040597,0.005756232925605472
0.059433022984832995,0.13865763645384743
0.4848641514922048,-0.004687790667222323
0.056867912370905584,0.020489066767131907
0.05994418443096945,0.02747038992261115
0.14351708474876665,0.21976604103644504
0.009617194075157131,0.014872216558155068
0.10911538215897064,0.1384949473017694
0.14895667398319176,0.15741284401960287
0.007700914169884072,0.05139808700068387
0.16156013239817388,0.009549359818800602
0.10133427960452113,0.006808534325766526
0.25864668113129674,0.23308894482279297
0.054811268236392895,0.20844178529011628
0.26090465840226557,0.05814161375833312
0.05574791775415114,0.14451125085483305
0.21735040525181282,0.01877529077098074
0.10770117247686233,0.014417054224843188
0.39660282321357376,0.23562042963776753
0.05040095949372871,0.04576493372759092
0.24976583858863163,0.009773289250448045
0.004301389597787695,0.02964026426336378
0.0605626899654704,0.04040932437644895
0.19158474723186444,0.005852839169513712
0.06687164679995411,0.051248074646263214
0.356933511155385,0.05138139485258651
0.2201807892998613,0.09177506578491082
0.2976589644769776,0.07931199109545377
0.1894970257258539,0.061995291671731186
0.2851785330212981,0.14814248407509578
0.1235639249905578,0.11958173326363342
0.23455850868679948,0.0006898192086802272
0.42586701137278543,0.015799853911136093
0.1242446110441769,0.19394598825657458
0.04312965079485789,-0.0005229782258396387
0.008811359394495434,0.1854208864492519
0.2572705880729744,0.03133787727541331
0.1291532519268087,0.018831617539228115
0.34387045151877577,0.18794621599167247
0.2320547374194953,0.0667575407043236
0.0743207926223356,0.004756428783524242
-0.026150124941328567,0.1660770315695728
0.031047853393152382,0.12266698464176139
0.20903066945947887,0.00017231805962396156
0.08502265057166536,0.04906780646779192
0.11651942727747291,-0.010469786621874215
0.1690496548123923,0.10050530265218044
0.18557593684602455,0.15969291027912338
0.0036136614968798994,0.11188432250141919
0.12797800722518032,0.12985794313942378
0.015281930942886235,0.010913579342468524
0.009903863734414022,-0.02435648790170325
0.07833219299740184,0.03473740707033026
0.05777699652119657,0.03113368100671936
0.0005956725071242518,0.13103920200029578
-0.003949002486780762,0.012068072416923623
0.011772586689612124,0.1988047187562802
0.3121153362568161,0.027620074325745855
0.00045239626050428257,0.08089832505864263
0.15498411885496677,0.36533650815683383
0.15174998403285408,0.057198796567360446
0.13355660292928734,0.01316274407716392
0.2446912260060486,0.02673331992653381
0.09797909426861151,0.0055981101042486565
0.03933074329619208,0.07745966090516476
0.2831335499441698,0.23331103050058719
0.3328984406361754,0.10485889927903105
0.13255763967335615,0.046655625713722386
0.009374150938643425,0.011180894348709803
0.09317076616053696,0.09536474603799822
0.0007993747128701599,0.15352761285881666
0.001892030544478967,0.044149532440700925
0.0364275912508696,0.11445795861161143
0.17104821567856018,0.16717537053478726
0.11542515703945502,0.009574049260792871
0.07942098158412787,0.3405294276286084
0.0013991252639651674,0.256071009012031
0.31917922176375524,0.21636871449662826
0.17069893478314785,0.05428773492108192
0.13925463854333628,0.009717056367608227
0.1216555920508493,0.3292106403783645
0.11512295119266609,0.04699829505840789
0.0075179154688266745,0.013179930892645427
0.20385065347668846,0.08090307722187529
0.1033822245266632,0.0828452751274546
0.01921528260770919,0.009638507508561324
0.31752791364992305,0.001915271242321559
0.061807784913943814,0.032933289962111124
0.028049782442305965,0.09141591199968924
0.30462038048459616,0.27345744604323097
0.014985929173125393,0.052416741837616826
0.00278027629147185,0.09300908585856535
0.006462663482498406,0.04411572265572336
0.0033243493867795037,0.017204947481570077
0.20264183279704037,0.002849559419875008
0.0031096445518748366,0.04242058883770172
0.008313223446898816,0.03534121915000484
0.19549043201417815,0.024920234064156763
0.008751229419951389,0.3346388128083916
0.21407665861486966,-0.001160085544597642
0.03156073666110215,0.047533534111100104
0.003025759095944723,0.12088302710284182
0.22672647097433613,0.0021905822094303285
0.027661710836002586,0.022379199530900378
0.07475051919261651,0.15275407065951954
0.018677318356808963,0.002333960475819579
0.13345269304044785,0.01693327503477828
0.052123380676957716,0.00040878510122617306
0.012442051724896989,0.004727843625041222
0.03217540194020503,0.2368192845696957
0.08077235359487572,0.023305021182384165
0.27704211479273466,0.35981907877772673
0.2613712599418797,0.06221254657740064
0.060305841701544315,0.013314331226065467
0.34682458862400317,0.10967812563068537
0.04936823250808684,-0.000559243020565243
0.13047541736991358,0.08271322530299087
0.12120162047450793,0.06230818525642727
0.0373474603525952,0.1317570934546909
0.01092187009017286,0.0021744429596487445
0.015604808358833998,0.046585420292379866
0.15969131120138036,0.1551382123411162
0.07194090626257013,0.05367851020565593
0.05329219073089949,0.043998596977249615
0.09451761368669498,0.006524357391594884
0.1726245321148151,0.04414880947257694
0.047700771828854384,0.18521610750876577
0.06687046039523944,0.019861603509992172
0.14031548317602768,0.022965057199805093
0.13244706976965198,0.006239514790869169
0.049796893815271005,0.05325902755028009
0.054931408319969226,0.07635152324534256
0.014872427732495095,0.11947992113517769
0.13886863822145207,0.00419519105267758
0.17621483886714304,0.20573753688437402
0.4549010730244521,0.12622876012222078
0.0043297750743406275,0.049271741220929685
0.08528500725296774,0.016863157951215246
0.22017922554239497,0.060488728681303505
0.1059300282870601,0.3371442150129421
0.28016631533297826,0.027663665295817905
0.19665794218927118,-8.374448729748526e-05
0.09937149989257542,0.10673729586671446
0.0025868344186563827,0.02140240017124108
0.11374681588444775,0.4027010763529606
0.05383498307930833,0.19682258130962782
0.16199187837383122,0.10436337303649343
0.10193929295914858,0.05010571197480102
0.16272184831791112,0.08098067923367795
0.04454307689363015,0.0768764077025125
0.008194921677602036,0.026199240655733185
0.05500325523371103,0.2293139141965828
0.1792088324708858,0.2144230131483057
0.2525828656197353,0.06979420753421937
0.10519357546992412,0.2172114740994138
0.06344978825894679,0.011872602053917524
0.2808199447711058,0.14135229614492809
0.17033358836722706,0.04589828411650209
0.18365236924930237,0.1867357598236468
0.04823290379906724,0.011724982513983687
0.012185474038984661,0.09290353213332801
0.009433277099943124,0.022520959095038446
0.01490198530581391,0.23049049076123324
0.09138477331155415,0.011605125690462108
0.08976945951064408,0.44046313471422255
0.08425681443455268,0.14963191293128228
0.18865995586726322,0.010195083569814795
0.12920863060118987,0.21749997049180247
0.1374324561059149,0.1125248568527204
0.12497275390668744,0.0742246547027432
0.2555332305805545,0.12227945128679012
-2.4362991851746403e-05,0.22616760363671734
0.09431829736508451,0.0004834848314066986
0.0481605884045499,0.016965316978542613
0.1640048707036672,0.06840625588637796
0.02288513063431188,0.06385032213967992
0.305360903813258,0.013387664657257431
0.22780065935392385,0.3349012931786016
0.1576301059198687,0.04573020495509397
0.10540837862738511,0.05552034992074405
0.11873032126085688,0.024620996227676405
0.10290656871787503,0.13493311828647858
0.4351047708781033,0.18956855935206643
0.25069207557399786,0.029123018467787865
0.08700534114255049,0.043992828669865425
0.1161150271519764,0.0004490258584588875
0.03507535319798494,0.05226139753741705
0.03304656450804789,0.21755583714565652
0.28787596985545044,0.28297436085903804
-0.0021844212664784844,0.16137730559486224
0.009329005509293439,0.008091659073732571
0.021011905463227912,0.11697582707841322
0.0401376720694981,0.008720147353350395
0.14449810291241183,0.12268867768033688
0.16557299308742857,0.04739099031136865
0.2083329664112158,0.07123034070596887
0.06810411001021273,0.1792924870531637
0.1666089149846826,0.02133600608607451
0.17985216379440258,0.22096529220465536
0.03943636769407758,0.06655134479476507
0.017887395151918225,0.026078055815656226
0.09335555582521686,0.22001626082269263
0.09275321503737603,0.10328893371778843
0.1022648843510131,0.05935296045595928
0.00942997883506611,0.089265503135372
0.22812060606168003,0.0028289199283579453
0.2652304712962773,0.17370808290601292
0.12298629044653318,0.007402577111630634
0.028641886035098246,0.0053458648622789085
0.006060918955395289,0.18766075897171133
0.07565238215968942,0.008398057914598753
0.06489949666967636,0.025025108204401424
0.09586856669852911,0.31938311683924336
0.05165290843257966,0.09134782712832594
0.19957235776156898,0.004669527707930952
0.0932351986172086,0.1963274522079985
0.17328882257431585,0.0011779024814193532
0.05072923341624027,0.16203354024036046
0.0054642333777954145,0.0883429384968874
0.11553793694916083,0.016292804041963666
0.06721534431400757,0.1648716060598416
0.10272356887266945,0.050525674629388576
0.12136106000199569,0.23869614362877706
0.072642216652699,0.014935986806996057
0.024035268869353883,0.05485658480885449
0.3716251207576985,0.09986824168527661
0.04199234294342152,0.057480810672210524
0.04402304301053491,0.07969410247501241
0.01789560014563519,0.2892326412214414
0.18730263233208974,0.035694325963385315
0.013070322977980168,0.15725659361584715
0.10168016665523971,0.0998748530173494
0.1674814511500824,0.10102488208885008
0.09373201706457783,0.08931032966891264
0.08866951916303317,0.0056133948656851415
0.015963653347074974,0.17396243755900548
0.15737920299987554,0.050267185328496805
0.034609658978506805,0.10653303521247663
0.050821867262364984,0.032310842431978
0.17197214541113626,0.029283069900998004
0.08611393490947264,0.005447729085798105
0.07943706894282378,0.0034308494045238815
0.3785376057723685,0.17295745612013022
0.018754504669136782,0.17299712221917904
0.22612312590701641,0.27599797366245016
0.12852431918265989,0.24497411064539668
0.11093194951818922,0.0028790847571296264
0.022054974882351405,0.07498917953246509
0.09438192886589668,0.1638199575728211
0.18745032227292233,0.07187329151893941
0.27823535277217376,0.06735844692561783
0.22448387840493422,0.021585042499263702
0.1590003348422901,0.009300439388818978
0.009435215069506772,0.2817364546141228
0.045300133336629855,0.0012594316419981173
0.424180203585902,0.0034092414511605555
0.15835994465388342,0.0012693974170309103
0.11478712287094699,0.03525975100685369
0.08854744968085933,0.48069436920214326
0.3243945128575961,0.05890769325329193
0.032150518328650964,0.09345579891000337
0.1784536702740698,0.020663023714689758
0.07812522676664956,0.2338406761480294
0.028291921525828857,0.008611853474094051
0.08843941892972458,0.06466030451339937
0.07448159588861747,0.2391633231933604
0.025314991715877012,0.31049956896992037
0.2161057655135366,0.013580232758582122
0.009517302322924505,0.12034122689706911
0.1893361518315692,0.04503948192191242
0.006490057811624829,0.17034957263913006
0.1402562783134796,0.08692468916755768
0.12407602132432148,0.20496233083845922
0.07712637936789306,0.08497058913671776
0.03437026661117199,0.010933064387653749
0.3414859747507414,0.4612444960385179
0.08480049911272629,0.11888107629960476
0.008798006466221633,0.09376135331467438
0.08033471098659314,0.006138321835227023
0.36452316668252055,0.0029754962246405473
0.2115437394234441,0.20413141635523818
0.006102178934320131,0.13905360682232185
0.2131787072761125,0.07639650011986675
0.013171136043190814,0.11227950927211736
0.04516339579411571,0.3654212369122156
-0.006576301426419693,0.1140246002458257
0.10051102437129229,0.11876071374758934
0.19715140288554678,0.06079647417132204
0.163398145678957,0.015586072027697892
0.14376489322869523,0.10549917955147786
0.3061959130464799,0.1425547774973178
0.11715293478432579,0.014170771336384266
0.008493555664635902,0.01629258646683527
0.010730546035672838,0.021604741150665657
0.014286755654720425,0.26434785933596516
0.005633479705691441,0.10280918944680582
0.2635905278842218,0.02015676183323436
0.13207998695053158,0.18392727758526112
0.21960590528011512,0.48835273046934546
0.23679107104071043,0.2919937859475981
0.10312840922832267,0.052089708965936135
0.05656770765926736,0.059445277728272655
0.48265789583054336,0.3714132535552329
0.037297256436895444,0.12194854004480377
0.016317055283501882,4.636766803955972e-06
0.42822699353143023,0.0279220832497659
0.08556987593573533,0.016080224308420047
0.014051399534496066,-0.0035210713773480987
0.03793977972663195,0.3907368157069789
0.009263566846143241,0.0545367513714183
0.04996609811538978,0.18714644661387833
0.17004242117833265,0.0049903200008706225
0.017701214709986497,0.04553805124826466
0.07929507437851491,0.017270449701795434
0.041872265095723456,0.0022824745985164526
0.008030777492765125,0.22582828890963078
0.07305626173835894,0.02922715042297653
0.007818274194162932,0.31155365403833873
0.06960021481920575,0.13441455538682148
0.046675237426949116,0.017387624261720205
0.04746287805690609,0.20045187782863044
0.41239494351173017,0.14701179521736307
0.0022875846795351934,0.169054537561271
0.07611245470742306,0.0024421172447629076
0.20762613308143024,0.016318518891091795
0.09613266601581151,0.38175238353305374
0.14074494395254694,0.10184164106987197
0.3474340084910955,0.11518908219937797
0.01328114384439134,0.021549150280514323
0.039983669061349446,0.004228170387943006
0.007471665249608948,0.11114155437053687
0.04969898403523732,0.09601035109859764
0.16181711083553527,0.05745985151844728
0.19079927098210137,0.5148247530975189
0.06962746372910383,0.10682031730916344
0.037925446688095325,0.13870571628652822
0.11548090442060924,0.03591255442716317
0.050555171624332075,0.1861280062642222
0.11943856955381661,0.018795187114283685
0.03119692131919452,0.012990276100449227
0.1617878774718038,0.1286643937483788
0.003935713163574983,0.06631342051702882
0.047545297901053475,0.06522725739486504
0.011346027407423076,0.0791527486798586
0.10642222589685357,0.0019439341422460522
0.12336769542867183,0.0932775754292988
0.1687566476283402,0.19664283744287772
0.0051520420839569585,0.09907546718415013
0.016758480901880448,0.004909871094306098
0.0007483892459592046,0.0020965793092578254
0.006163133675945693,0.01990904092394105
0.15789718874861172,0.012381038604996099
0.0560691565387955,0.03860927019709884
0.09635273584552546,0.14358844824867378
0.23791790744168265,0.16292087894902646
0.19199008975743653,0.002365579783270185
0.07939747151737427,0.05383289374419912
0.17834420483505045,0.113729163853985
0.04050326886987828,0.21441501517405703
0.0004558478095225399,0.1373691670777268
0.00869673154546253,0.1285124828633325
0.08079870455771232,0.006655212631126283
0.13513314085577643,0.05330883964712692
0.14694153513938657,0.015322148281727423
0.24367918405411504,0.01764756996506102
0.23786953441045874,0.11370152529175362
0.08036442469899718,0.19811581372373402
0.19198088774340327,0.15244286423310707
0.12887902872418,0.09619287939319401
0.008167162039617436,0.053425519351100736
0.021200234738890093,0.09199874105298098
0.07554431501147037,0.018048629363013623
0.08509936436825116,0.17021593396620877
0.007628451148174786,0.25710747082483026
0.41039904884831263,0.2754105995738723
0.2457356958216966,0.25175946175116887
0.3064011940955414,0.05352369620867643
-0.0032420671064821807,0.04550911700456935
0.20725991913095904,0.13265933292968515
0.19991051500973311,0.006628922107210051
0.09233818269761038,0.2795092397663611
0.023230702511016332,0.01877813052283834
0.3264802964371584,0.1462832554551361
0.17739173946273457,0.4204053510693092
0.05032241319496015,0.09548878871509468
0.152587043388521,0.59319205863414
0.2067920909174752,0.02018875475718657
0.05023204698167525,0.11139126689825433
0.0008429345318252475,0.04411830182522499
0.21504080217519903,0.12465037306864406
0.2884536817908728,0.04193082600630332
0.20207053053911336,0.08128626697946154
0.011934463074965183,0.01969753252137518
0.2871372816865671,0.7888690325115358
0.03895466644132644,0.062211078796836544
0.256557300001851,0.020417017742041067
0.21138472703820255,0.20291950479573423
0.034762862328857766,0.03331178039313994
0.07541786695631579,0.19843710605911355
0.4662345271146149,0.03896769230510125
0.11137723518458906,0.23990266785455297
0.0390200652013565,0.1190097465775922
0.11936867460474766,0.09020573568169718
0.13190902965224488,0.1397733710451372
0.04546249550215978,0.28002240990579486
0.016902649034105734,0.17260297927048354
0.02118244969661752,0.11240745699572237
0.27657214429898264,0.19241523421736795
0.16385719936452123,0.018065774049142398
0.35063254595680565,0.15637281079269932
0.017765718633261672,0.1614484729536317
0.14336101940020554,0.007819393090754597
0.017297765546066664,0.017019141314330067
0.00046538463834572486,0.015857446553574944
0.027217152009300142,0.044315701577794894
0.17908811901154123,0.1465604019848488
0.04832242078684476,0.01049587578573798
0.00028127316183312726,0.17649614723926238
0.032418851592632386,0.03797942047715417
0.07216951510920043,0.06403981009941125
0.14295094499887592,0.13850123462665237
0.00059854544733293,0.020382169247372652
0.22738639698547633,0.00010411131233270007
0.16326935361620465,0.07778054626661335
0.08389804159170758,0.01647409156193313
0.016316422505489873,0.16525469497444867
0.005629084907256459,0.008836331192275278
0.06695873274437009,0.11220798578198664
0.003794583594236697,0.04272492897871383
0.06715389934614675,0.418573645627656
0.0022434920119832756,0.09491843710963771
0.02235133672087657,0.14532946207243247
0.0388931596832338,0.16231205619321926
0.03027351821496495,-0.0013605283607389953
0.40207854952213584,0.0373340491159012
0.0070104033743788605,0.15186695486877808
0.3883915634601058,0.04540904678935698
-0.0005344902591275367,0.26330682254892157
0.08336834535172959,0.08301218454083949
0.24891191775585694,0.09740962465399382
0.2842558453827059,0.10206167750043987
0.03480541098362673,0.12122808472290612
0.3736546708088739,0.22898987578092792
0.13778821699231586,0.07206012515016734
0.002957002422761252,0.014853490360685891
0.03405408864779277,0.017671041182035895
0.20367200159775645,0.0057661628937076955
0.08437931549179525,0.09719115906405401
0.16211558948988175,-0.020599233171518055
0.012391780914516414,0.09863331353768164
0.0389378551968649,0.04269340589639751
0.11626099928657815,0.347799215720208
0.1296273409581724,0.018600934497283016
0.0750599027274422,0.0176624838084713
0.08738364213738128,0.1237288982891268
0.3387196431705851,0.014345411176282677
0.01759210842608483,0.03949118094518319
0.1912462294372846,0.07969400281628668
0.1009040246753442,0.028724807041964538
0.04506879688290872,0.041096354959014404
0.05483204609024243,0.09644420051940424
0.13219080710306186,0.13776065445327887
0.0927400194407469,0.004921780659858035
0.2240998046127676,0.4176543924497284
0.15785911112927134,0.09423048240506635
0.03225322947280527,-0.0021705584113269503
0.014348815070458343,0.13645351192862826
0.15042535895549572,0.18345293134353272
0.026931724877652267,0.08692721656697378
0.3681834299038176,0.09250799434689111
0.46957640854341315,0.005522985637944476
0.06183831704792701,0.0194961818960336
0.1342974567555912,0.00017538115469406534
0.1297003822864936,0.2297853036964851
0.17193441833778222,0.10773770123257179
0.2873641531860265,0.02545044696359493
0.2067598319987574,0.07830914809711641
0.3267681021152452,0.18096998791611624
0.18138366733175534,0.10589039810761595
0.1686626608440895,0.03858351317892042
0.12167180616320042,0.044420278088407046
0.14953329008148555,0.07068722842006372
0.11292814915218408,0.00909866505816786
0.005281075302700554,0.22864660338899606
0.022904874043622753,0.14784060767410065
0.033080315450718475,0.2548250214150303
0.35091262166632853,0.0051011365687328196
0.037028125148649574,0.2202234373677115
0.2693331764969709,0.14820907791926843
0.047673031723980644,0.04045171458441052
0.08341774015426517,0.002532683919061244
0.1654693957140822,0.1819640624443158
0.16916213140626563,0.04242386797404868
0.4453736934263034,0.1878742794970033
0.08404649642643469,0.05960534972996613
0.2683886797538914,0.001824635630452153
0.23727924335079917,0.0015458403289447772
0.14252704570974337,0.009464000116376504
0.008115219154766345,0.140521543463769
0.1060066794675052,0.029176619534901936
0.08567413001856171,0.061991529179224444
0.12795140049908885,0.01684660449340911
0.09616114947453058,0.00019058545908527295
0.01106601768976752,0.018542578749711613
0.21804463495553045,0.013715126457412513
0.0923575816846453,0.0015081648028762858
0.002683056620004113,0.018166733690096304
0.005029600575874831,0.09355607920929755
0.005923191293946173,0.010079742870462096
0.014638916746763436,0.02055551904887889
0.0105238016088706,0.0024799682584867966
0.1158203968226324,0.001192147596102054
0.03401278382746024,0.19878103486699245
0.027765205423395643,0.07542777427449646
0.06782932309956304,0.006244664922262211
0.16809701010206088,0.004826352339546713
0.02706057529350681,0.0212294734863428
0.03789658145222223,0.0032265320987521825
0.05554373879847048,0.007144764132011264
0.01321287738509849,0.003083685803913428
0.12017132130472503,0.07847143171825331
0.12689789471486224,0.01614832334282971
0.18699056382403115,0.04370955288581912
0.004615306873114013,0.02029421110268588
0.06826911000582955,0.010887002095036567
0.29538529555065446,0.11544146132668887
0.010626429672708805,0.011074931045009184
0.036536746070066725,0.004106736653884421
0.06873171389966087,0.012717903223712817
0.02204092542320577,0.04831759687869765
0.09179812699932889,0.014376741718541591
0.04566040266980716,0.05910730414380022
0.001457304257691835,0.009074220032070314
0.0579114888835738,0.2700101871946852
0.46873260380454673,0.13331294546659872
0.04577219174668723,0.1389281518515995
0.11602213897446959,0.09267516221995396
0.08743736833640571,0.06977123115088958
0.05763062927851966,0.07719296180133334
0.08927933501639225,0.005787366317761026
0.06385883972742844,0.03303802089871708
0.026731463815374112,0.024235387040795378
0.1510824164120972,0.03917682541508333
0.06391043648740526,0.046817069943104604
0.04277618752147365,0.013172170834456442
0.06905997912607229,0.06409870454596928
0.027372621662115237,0.01729619472027986
0.042143937890248555,0.011042504329654465
0.05881198482020361,0.00955071005245299
0.2281852140941777,-0.00442154475641167
0.07147920448687917,0.0359275539267969
0.23864173256769816,0.16915696659657592
0.057084355785392324,0.2258689268558299
0.017610714950367173,0.008101190614824932
0.10828930799376697,0.05547047460320148
0.2610226667090831,0.14959725645146857
0.03409370021560898,0.10857845452700254
0.16733859746079988,0.1094541811743294
0.038445337542457714,0.006193007914745095
0.11552661160288398,0.0026807446272756785
0.1650604220688589,0.02782042475441135
0.04946107099760144,0.03758709490688468
0.02642852925249695,0.22849785788320515
0.0025157629734384236,0.050645953391613936
0.49584758661599054,0.08571871715463303
0.30400262661104416,0.3438116233690657
0.07643013949255495,0.03865861978836117
0.03355452975500363,0.05177132066902648
0.0027178946385347904,0.002868928574036829
0.12826033909712983,0.4253165037600264
0.01421287396433481,0.030584011728950884
0.01512808369134324,0.029721247048298965
-0.004265034711543564,0.018948740857557968
0.012006974539129496,0.12480784614225625
0.058277925981792565,0.07194171573036874
0.24697906994526797,0.002938590657111482
0.005652567547365558,0.08948828221453557
0.032133122807228506,0.002250410692213773
0.056853198608238856,0.14403466609468993
0.13855571727297908,0.004961228054217398
0.014471200594839018,0.011572751113710183
0.015285810912846766,0.041608842456811554
0.02233280602064179,0.0768857298285627
0.1269406873148408,0.034873198050406194
0.007474152017875068,0.1824282543624149
0.01023106635102014,0.0004776698464421682
0.0033309333081116416,0.25963738149495735
0.03479303104459056,0.02553711659993423
3.012622833189247e-05,0.037695930835122855
0.013433435432944457,0.05003529835509002
0.007093959480056802,0.4497263138817149
-0.007320949260175927,0.010778427546641897
0.03531679572908313,0.02260486349022535
0.09852396136128598,0.1520065849211484
0.013418306211550029,0.10964249615340789
0.0101176412057455,0.00734141388712102
0.003672136511162946,0.10126810229597032
0.16675534807596984,0.02215469983618
0.025556929852173643,0.10824570910802686
0.005787110979761037,0.1607251551103989
0.013851228656499699,-0.006067706987066834
0.04582333353745672,0.07044332318686337
0.26275062735189225,0.10894269336082185
0.3799302081850527,0.05831458278996042
0.11740475718501824,0.08418497053589483
0.0654077303938011,0.02535230179871483
0.15628263569972695,0.14561734370597995
0.002524762279451305,0.19264595977974694
0.08179920245245142,0.1497023291032539
0.023242483061194762,0.005304784871991915
0.16289932000796156,0.011463288984499796
0.07214571510721803,0.08510460499264459
0.07164150259573276,0.04003037253435144
0.074964960104262,0.06271689978641161
0.013019489751605036,0.0127988074483809
0.012068984919439902,0.2438187611154722
0.0625085552210917,0.07908009670915638
0.01188537012557471,0.006545761734598637
0.18369461724500583,0.005139379005697008
0.043479022628942876,0.003291555680333444
0.028319568468297696,0.05807961486018606
0.1665704105594779,0.003006656307343133
0.006700013200748543,0.3518615217554536
0.02793058780108289,0.016514590236437757
0.059454044074373665,0.00934450560858161
0.17664012695579315,0.1719230585668863
0.006971639627813228,0.008914465651731481
0.033464554253934575,0.02836470519872915
0.03890144152068652,0.06721664235168069
0.11263406234963272,0.03659440885381347
0.005274212503104637,0.023254239020386754
0.2090549081889002,0.11524110648447261
0.011045377157545295,0.05294176942628166
0.006063847667034967,0.05585509510416535
0.02763279611271891,0.002589656397171092
0.003998874949397781,0.0006737746366005378
0.01585788223330973,0.14002705033808616
0.01909230950242302,0.009861770172271243
0.008951321357105718,0.2092409603015967
0.1193363105974758,0.0031188522342681818
0.1963326989259465,0.14590113641800104
0.018596198741970767,0.006393653538552249
0.022791149786457885,0.10033937527142674
0.14592377730663242,0.15544653747924714
0.3728400119674684,0.02462153603960713
0.010168095912653089,0.021863204666563885
0.0796814642231757,0.010161697362565919
0.014553053662249751,0.1799456783545072
-0.0018152163342670586,0.13684943766164975
0.009715428673141333,0.11030776083094637
0.040831151684075105,0.34059931006171923
0.03194829115395526,0.004775974632037354
0.09954417765761893,0.08424313919931309
0.048142862019265174,0.17068670421036392
0.05424706010214416,0.016993610229542103
,0.28310156766027206
,0.000768533125967974
,0.17074902390554883
,0.0121420113981941
,0.008851980136107397
,0.04975983760323774
,0.04870726402997437
,0.09675529185459397
,0.02377908764757069
,0.01581638709160116
,0.02886362113225122
,0.1922139081067751
,0.27729543924514805
,0.019017392243133074
,0.2970370126002432
,0.020284514572607205
,0.06267630880221349
,0.25906982063048806
,0.02210911099822026
,0.019707178927451108
,0.06580374050712937
,0.013503870046922316
,0.13697243396101694
,0.08880617725572887
,0.19065842023825555
,0.022254986083347646
,0.1940000577747769
,0.045623797335710016
,0.5802605867305687
,0.037907017894796995
,0.12117544753365647
,0.002006329845859398
,0.014754353297404486
,0.04410928628111189
,0.5944122014291752
,0.014638117151405314
,0.1505291159443642
,0.0001216908644073448
,0.05219582087921676
,0.29776191806441465
,0.18844256995690564
,0.18410825419401453
,0.003508222636311084
,0.007539961667555105
,0.021179556867919065
,0.08627135816492615
,0.035165509606587056
,0.0997944180867759
,0.003443467924116786
,0.05956634499675491
,0.09893756008440364
,0.20032924596699628
,0.17304194467650194
,0.11534217058654313
,0.18314618950574174
,0.004084276991927708
,0.006247730732889235
,0.1224782606710697
,0.15445464888399882
,0.05324278347623826
,0.003214666917872825
,0.0470568578977785
,0.08799124342988152
,0.11079534683563713
,0.15152792520961142
,0.02479633534012509
,0.5114381465293616
,0.07454021484983131
,0.09266694835212708
,0.0161802355245186
,0.0323217017354255
,0.17812012680789086
,0.049335625924729995
,0.17723855859503992
,0.07483923316508341
,0.00758098473681012
,0.07362726461339385
,0.11694587540554113
,0.0029088427161200066
,0.16147199007297522
,0.20258133826897176
,0.3176251887636694
,0.09513080488008804
,0.04076709958968307
,0.05138802081257848
,0.024824518944493904
,0.13529609595161812
,0.051685280859765495
,0.03496532851199094
,0.09921523587620686
,0.06420616873022139
,0.02613674758590574
,0.09660802301043334
,0.144797856287394
,0.17263769701898773
,0.024659830170183035
,0.048809859466659875
,0.10985516116346496
,0.05335690969655275
,0.008349899010790156
,0.02102082097052163
,-0.004427818335169698
,0.1520468858116925
,0.058015221580589776
,0.019011617284098184
,0.036286394055735964
,0.1256366662556406
,0.07192054573492769
,0.04810153973844763
,0.0007641275746684479
,0.16361889840303578
,3.585019228065294e-05
,0.02666381863076681
,0.007928287936542005
,0.3288597512442179
,0.040923739355944094
,0.005087997739306643
,0.38927657376340813
,0.06193742034022718
,0.014735822781535915
,0.043305841204035134
,-0.0114112569571806
,0.011395451362871912
,0.038133208574768214
,0.12024201082784865
,0.17546944294049255
,0.06422165875897014
,0.20380269501562576
,0.00106461985541083
,0.033094106879049096
,0.05589976627309107
,0.31446726066758257
,0.0059307115419073115
,0.14311443050239725
,0.15048432427567182
,0.005789634859227366
,0.04315503329308364
,0.4699377393078605
,0.014702220373614537
,0.009686908407627844
,0.18277483261482852
,0.10989866393208081
,0.004592617052561547
,0.13188867876938162
,0.027689338407189786
,0.15898870495829945
,0.09837808615895044
,0.03819617005246379
,0.13988498815574837
,0.06475653010257634
,0.0008547657754909437
,0.07978283609010704
,0.0957024893122713
,0.3253051392749189
,0.030052212819044393
,-0.0032562966618707055
,0.041940065985895794
,0.00956266258955051
,0.12159854674526592
,0.0045511030164480226
,0.01636557651893188
,0.029745199004654773
,0.18155556897892877
,0.02344080552648613
,0.07509405345257791
,0.2486176347161795
,0.02962870153852768
,0.09968110642507677
,0.01140846320508226
,0.041580583353781314
,0.0665954255286203
,0.06332266782081196
,0.05142167770366427
,0.03813972131925473
,0.007468824238396137
,0.01888697360395027
,0.026218774256657817
,0.004436982502990339
,0.26843866138934813
,0.13290246615755602
,0.0031504160085864524
,0.1982470624034507
,0.23869552319228868
,0.08231853246894194
,0.2444830770207593
,0.11332928359366312
,-0.003733927333898419
,0.07451872783581373
,0.18655109315022647
,0.06942156338885931
,0.17650297552579536
,0.11466936985932154
,0.2716632589190441
,0.02387847881224873
,0.19472959459579192
,0.02082570076252639
,0.10115130654786597
,0.02099152490204212
,0.18351053424149788
,0.20217011899551185
,0.1770169982617606
,0.08085569348124672
,0.03230669028669866
,0.007046479575307987
,0.015869159950012937
,0.00692340661459726
,0.2275758383532501
,0.04150769897810295
,0.10728818861663951
,0.008243166383519091
,0.027265225707211082
,0.05440827609207664
,0.030157689627787
,0.0014312705351047007
,0.025158045204728252
,0.15495662038806612
,0.1327004946514243
,0.038313199194826585
,0.007323361386291449
,0.20612758891217656
,0.0483371910252055
,0.016309614245880857
,-0.005438459214808071
,0.03664007299348519
,0.038598091203782846
,0.08782739496623085
,0.011058800848611989
,0.11633440196876758
,0.26012704477664567
,0.05688984601347745
,0.002109891583109837
,0.37891113713229957
,0.13268815169182344
,0.3063843879237434
,0.027340458826347943
,0.09200469321749438
,0.09841493857847416
,0.018677774740699156
,0.10175734042052288
,0.04527586652067736
,0.0485830477873483
,0.23702721655464698
,0.3119336758154561
,-0.000560779159259601
,0.0076816140954225915
,0.07236242241163808
,0.07036283778300725
,0.4009883456644079
,0.13061813404206987
,0.01300775412566761
,0.06478408502318266
,0.09083946502255831
,0.12487711447021832
,0.050183369607549155
,0.00620123764664791
,0.005441921955365212
,0.007337614690555945
,0.03285278341379465
,0.12140126623933299
,0.012245653465355348
,-0.014226193351922715
,0.0650225636103475
,0.010187075808553433
,0.15904393443878054
,0.019020891336508812
,0.007856957760542915
,-0.0010048044687459227
,0.023426293854909807
,0.0023490909735739184
,0.11101682437701983
,0.13554754537518446
,0.11108025669237463
,0.31308102689985695
,0.01117940317460696
,0.0794545277620061
,0.09306074839649202
,0.005774697852884814
,0.15004047788410532
,0.17656416878575135
,0.07937408535740975
,0.18435439079959826
,0.07203996078772443
,0.0011874736273930094
,0.13643664419263185
,0.0032719579104820624
,0.47486968471581364
,0.02695522889439446
,0.020451338017733824
,6.906079543911314e-05
,0.1238128611994955
,0.29191257153459793
,0.06169511909921878
,0.18678509031090854
,0.31158332040577913
,0.007509293347033835
,0.11443982985450264
,0.13278359923247965
,0.27306030919423013
,0.01341948283368404
,0.01331556627238609
,0.011807376134103171
,0.2142767793815636
,0.022046917110897082
,0.18002779717297238
,0.1089599791559549
,0.003543499777136485
,0.014450970423047356
,0.20614738074763259
,0.18820458805780527
,0.004049467837365953
,0.12350151493403806
,0.19788186479024344
,0.018018259030229154
,0.012410747705030225
,0.006959139374058968
,0.042099544974674226
,0.0109440320061166
,-0.0003912452750680845
,0.07628573451541901
,0.1019427490323578
,0.04485821452942974
,0.007512396209927039
,0.06310075111762843
,0.21729386067831324
,0.04762906186798396
,0.30227479337923546
,0.07238000920930521
,0.007630619285476918
,0.20691438671694426
,0.10955284683995588
,0.11802811489849208
,0.027792545094664788
,0.6454420305601294
,0.579656809335131
,0.08571332365732529
,0.21127742732339436
,0.02865493409533633
,0.08689631366840449
,0.38237122555063835
,0.10588005161890084
,0.026309924308667798
,0.43503706153576593
,0.06537636937939996
,0.2148774128836524
,0.017588819020182493
,0.15020168897599184
,0.009658864623764536
,0.09800871368852042
,0.12184164506770657
,0.3328044636235777
