cell_label,area_px,perimeter_px,circularity,centroid_x,centroid_y,n_trajectories,n_points,n_valid_traj,D_median,D_mean,D_std,D_iqr,D_p25,D_p75,cell_type,experiment,cell_uid
30,3326.0,245.02438661763952,0.6961670877244169,265.88184004810586,147.871617558629,27,225,8.0,0.0161116769644524,0.0185568767881192,0.0120457760896573,0.0189577754487942,0.008174624286256,0.0271323997350503,interphase,set1_3em_001,set1_3em_001_30
45,3995.0,254.14927829866733,0.7772288021701969,674.4778473091365,208.5924906132666,57,399,13.0,0.0294677390922953,0.0300573665941942,0.0160603467464261,0.0188236498281684,0.0196000805253432,0.0384237303535117,mitotic,set1_3em_001,set1_3em_001_45
48,4415.0,272.6761902332485,0.7461843512617231,848.681087202718,215.5012457531144,56,297,7.0,0.0078573444806633,0.0311679459712525,0.0350668242004616,0.0532573452983518,0.0028404636364164,0.0560978089347683,mitotic,set1_3em_001,set1_3em_001_48
58,3618.0,387.8589103967956,0.3022253438805609,708.822277501382,290.70287451630736,32,275,7.0,0.0069481806400598,0.0100790018015243,0.0076025486255635,0.0060093522508163,0.0054883842504838,0.0114977365013001,interphase,set1_3em_001,set1_3em_001_58
72,7993.0,472.1431816442576,0.4505803337799109,875.4557738020768,356.6024021018391,70,404,9.0,0.0305206832636561,0.0433393701030099,0.0376663015784718,0.0505161830427767,0.0114403292998941,0.0619565123426708,interphase,set1_3em_001,set1_3em_001_72
88,3724.0,250.79393923934,0.7440214602503153,988.3966165413534,401.9033297529538,64,413,9.0,0.0240051462894313,0.0273306143728072,0.0210524790594727,0.0250852716495657,0.0086386239022511,0.0337238955518169,mitotic,set1_3em_001,set1_3em_001_88
90,2215.0,209.58073580374355,0.633695864691237,478.6613995485328,423.3115124153499,60,379,10.0,0.0119460753309476,0.0251856102729275,0.0237523357276897,0.0363381146710438,0.0064240268376651,0.0427621415087089,interphase,set1_3em_001,set1_3em_001_90
93,3191.0,269.27922061357856,0.5530074536606902,324.59730492008777,449.61234722657474,43,327,7.0,0.0749158445398467,0.0707727425304222,0.0657477985514018,0.0940143471120918,0.0087518015961337,0.1027661487082256,interphase,set1_3em_001,set1_3em_001_93
97,4305.0,300.00714267493635,0.6010627727394457,948.774912891986,469.611149825784,62,473,13.0,0.0128366757444379,0.0221726060751864,0.0217196504210395,0.0216730094587895,0.0082280629386597,0.0299010723974492,interphase,set1_3em_001,set1_3em_001_97
98,3343.0,297.373629022557,0.4750522013977411,430.2046066407419,461.2315285671552,95,566,13.0,0.0377611883590076,0.0612650226317239,0.0641164211626944,0.0517358123234321,0.0200529698972699,0.071788782220702,interphase,set1_3em_001,set1_3em_001_98
105,4794.0,316.651803615609,0.6008194198204558,337.6211931581143,491.3032957863997,107,572,12.0,0.0196398610534904,0.0281177225781584,0.0233469463764257,0.0119264049477807,0.0165104133015352,0.028436818249316,interphase,set1_3em_001,set1_3em_001_105
110,3255.0,296.9533188057741,0.4638574008194138,433.1533026113671,492.431643625192,106,503,9.0,0.0139820779793651,0.0303110345714796,0.0282691251575539,0.0499490188061013,0.0052356512469871,0.0551846700530884,interphase,set1_3em_001,set1_3em_001_110
113,3104.0,259.37972567696687,0.5797750518436908,777.0338273195877,508.1617268041237,63,283,5.0,0.0468163608310894,0.0602630067008438,0.0518612284065343,0.0396726387405605,0.0241014513286525,0.0637740900692131,interphase,set1_3em_001,set1_3em_001_113
117,2894.0,240.4507934888324,0.6290076996198257,572.6976503109883,518.3610919143055,48,256,5.0,0.0037173250794547,0.0365315988159323,0.0621485228467234,0.0113739781792016,0.0025818851512648,0.0139558633304664,interphase,set1_3em_001,set1_3em_001_117
119,2559.0,261.45079348883235,0.4704356456089196,472.4638530676045,516.4118796404846,62,473,16.0,0.0212153471284734,0.0235061928809487,0.0195761804048756,0.0176842892124109,0.0092140633771604,0.0268983525895713,interphase,set1_3em_001,set1_3em_001_119
126,3498.0,300.3147545195113,0.4873896806697965,399.0534591194968,533.0177244139509,68,303,8.0,0.0299458613140175,0.1707275429393452,0.3581277089815818,0.0475255103401325,0.0129385714979618,0.0604640818380943,interphase,set1_3em_001,set1_3em_001_126
127,3632.0,261.73506473629425,0.6662418134937556,525.3436123348017,540.5669052863436,46,354,10.0,0.0335818209109562,0.0337093696832153,0.0195322424016118,0.0356564496598604,0.0140643058263986,0.0497207554862591,interphase,set1_3em_001,set1_3em_001_127
128,3783.0,283.17871555019025,0.5928229255151549,320.5099127676447,538.3581813375628,57,235,6.0,0.0322466243189914,0.0662751063156238,0.0627629919967669,0.1043696193243996,0.0158160479142303,0.12018566723863,interphase,set1_3em_001,set1_3em_001_128
130,11509.0,578.0904037956216,0.4327687904466656,852.3667564514727,593.8961682161787,101,339,5.0,0.0613502474038879,0.055353867333673,0.0273259047092201,0.0424455169772034,0.0311838080213802,0.0736293249985837,interphase,set1_3em_001,set1_3em_001_130
131,5205.0,396.56349186104046,0.4159155308888347,760.0155619596542,574.8691642651297,119,438,9.0,0.020436333715913,0.0482872267130998,0.0538515543564183,0.0457678901078172,0.0101951884357418,0.0559630785435591,interphase,set1_3em_001,set1_3em_001_131
133,6654.0,356.22034611053283,0.6589541811691654,637.5952810339645,586.2847911030959,159,603,8.0,0.0353313751851019,0.0505929721266889,0.0472149828635748,0.0592764544753722,0.0116672561841191,0.0709437106594914,interphase,set1_3em_001,set1_3em_001_133
139,6727.0,512.3452377915606,0.3220370829134237,292.7053664337743,658.988999554036,136,455,5.0,0.0282473998079362,0.1245777153092816,0.1332292356158564,0.2193130204300425,0.014905616795266,0.2342186372253086,interphase,set1_3em_001,set1_3em_001_139
143,2548.0,210.33809511662423,0.7237247329361337,401.3308477237049,573.2217425431711,58,321,10.0,0.0212231394175797,0.0210199069631098,0.0170977203869074,0.0308115536461321,0.0037682367801411,0.0345797904262733,mitotic,set1_3em_001,set1_3em_001_143
147,9308.0,410.0904037956216,0.6955158395670759,335.7322733132789,622.354426299957,168,602,7.0,0.0688880897522598,0.0988800949987357,0.1149354631377416,0.0460131120194788,0.0362422398896938,0.0822553519091726,interphase,set1_3em_001,set1_3em_001_147
154,2141.0,226.675144212722,0.5236230184976586,216.8528724894909,659.6772536198039,40,264,5.0,0.0247597824116847,0.0310813775883098,0.0262325150823497,0.0219505565844404,0.0105477420508823,0.0324982986353227,interphase,set1_3em_001,set1_3em_001_154
159,3705.0,362.56349186104046,0.3541848124047259,635.4488529014844,711.1748987854251,112,450,9.0,0.013552321251448,0.0179234713482005,0.013323809731367,0.0052285901830063,0.0116834831789282,0.0169120733619345,interphase,set1_3em_001,set1_3em_001_159
163,3493.0,301.8711037056153,0.4816874867688255,75.77927283137704,730.2473518465503,16,100,5.0,0.0148949699909416,0.020774151061082,0.0162665466412234,0.0223573824053326,0.0098119993161138,0.0321693817214464,interphase,set1_3em_001,set1_3em_001_163
164,6507.0,343.9482681718907,0.6912010936656448,348.9538958045182,744.6141078838174,153,631,7.0,0.0723603747114011,0.0621266119137211,0.0476401439717954,0.0781773649949433,0.0159440324730005,0.0941213974679438,interphase,set1_3em_001,set1_3em_001_164
168,5041.0,321.37972567696687,0.6133235066034787,226.5891688157112,764.5723070819282,62,264,5.0,0.0082293912513024,0.0090070351908752,0.0028861961846484,0.0059365133264722,0.0062852079823245,0.0122217213087968,interphase,set1_3em_001,set1_3em_001_168
180,3626.0,232.36753236814715,0.8438918093996611,568.0284059569774,795.5766685052399,89,325,5.0,0.0103255582950123,0.0191550193829447,0.0147258986720373,0.0312271977710665,0.0057929487560315,0.0370201465270981,mitotic,set1_3em_001,set1_3em_001_180
182,5666.0,340.8233764908628,0.6129537197695292,707.4634662901518,823.4602894458171,88,400,10.0,0.0091264082564358,0.0140116741990119,0.0124786888451943,0.0152851594765427,0.0041422784175952,0.019427437894138,interphase,set1_3em_001,set1_3em_001_182
199,2304.0,204.953318805774,0.6892589725307106,608.23046875,862.7322048611111,64,266,5.0,0.0154590765320699,0.0493704408867423,0.0681085227969399,0.0098777817810459,0.0137227628664204,0.0236005446474663,interphase,set1_3em_001,set1_3em_001_199
214,4965.0,297.9777054234136,0.7026864414288586,754.6986908358509,917.860422960725,86,416,7.0,0.0242167128193065,0.0245587565078921,0.0147545956879228,0.0111243169533983,0.0168602096625856,0.0279845266159839,mitotic,set1_3em_001,set1_3em_001_214
215,4107.0,264.24978336205567,0.7391035478814045,663.0216703189676,913.254443632822,100,477,10.0,0.0142587717409981,0.0230121620156712,0.0232507847954176,0.0252860572975908,0.0093558653836814,0.0346419226812722,mitotic,set1_3em_001,set1_3em_001_215
220,2940.0,253.2670273047588,0.5759700335311887,709.993537414966,943.038775510204,69,352,11.0,0.0263932967463585,0.0690554627226259,0.0830569552317164,0.0660867346854205,0.0168269758010596,0.0829137104864802,interphase,set1_3em_001,set1_3em_001_220
223,4818.0,307.4629867976521,0.640458473927529,634.0062266500622,956.6585720215858,141,734,12.0,0.0694360102792715,0.1454060101410534,0.2713104004057394,0.1048098525304986,0.0112073696678439,0.1160172221983425,interphase,set1_3em_001,set1_3em_001_223
224,3260.0,243.1370849898476,0.6929869447301517,473.4352760736196,938.5257668711656,62,304,6.0,0.0244150999532675,0.0309320721247794,0.0257641893551968,0.0152292700333476,0.0174281530553951,0.0326574230887428,interphase,set1_3em_001,set1_3em_001_224
228,3521.0,239.88225099390857,0.7689173457256924,340.9440499857995,943.5362113036068,99,409,9.0,0.0089905924732249,0.0394719665976019,0.0744617354467141,0.0184476426598704,0.0064766400810976,0.0249242827409681,mitotic,set1_3em_001,set1_3em_001_228
234,3902.0,268.79393923934,0.6786692702324331,590.2416709379805,988.3170169144028,78,362,5.0,0.013165142598861,0.0174179635034897,0.0154242498388376,0.0103059313631785,0.00549934727025,0.0158052786334286,interphase,set1_3em_001,set1_3em_001_234
239,3102.0,237.73506473629428,0.6897078548565534,515.1447453255964,992.0519019987104,64,272,6.0,0.0204307809219966,0.0315600327803134,0.0261136504632124,0.0242062799671557,0.0147482259290055,0.0389545058961613,interphase,set1_3em_001,set1_3em_001_239
36,2250.0,185.1959594928933,0.8243836458563618,443.82444444444445,61.11333333333334,30,155,5.0,0.0019977387620907,0.0024068308989437,0.0011088523642748,0.0023626858862867,0.0013322057080296,0.0036948915943163,mitotic,set1_3em_002,set1_3em_002_36
156,3626.0,286.5512985522207,0.5549232256059058,555.4726971869829,387.27054605626034,80,332,7.0,0.0077639895321494,0.1318423988161354,0.2358703057808345,0.1030924696262006,0.0042412766601112,0.1073337462863119,interphase,set1_3em_002,set1_3em_002_156
197,3678.0,298.04877323527904,0.5202917166004348,582.3724850462207,494.22920065252856,130,459,6.0,0.0188743591703855,0.0210290669777401,0.0137232392453105,0.0208828879817496,0.0105511776229715,0.0314340656047211,interphase,set1_3em_002,set1_3em_002_197
205,2077.0,185.1959594928933,0.7609977033082949,492.784785748676,502.4872412132884,103,383,6.0,0.0078556162651816,0.012292022115347,0.0085141767556326,0.0104248332265861,0.0065077574136674,0.0169325906402536,mitotic,set1_3em_002,set1_3em_002_205
218,3268.0,231.095454429505,0.7689694842330791,917.5073439412485,547.6695226438188,61,242,5.0,0.0069527172801972,0.021659491365762,0.024276020126841,0.0348013046939433,0.0015697156864279,0.0363710203803712,mitotic,set1_3em_002,set1_3em_002_218
252,2122.0,223.58073580374355,0.5334411094879848,550.0890669180019,667.8407163053723,64,401,6.0,0.0122041833038297,0.0168120645779367,0.0129917951931827,0.0158566016179795,0.0067644877908835,0.0226210894088631,interphase,set1_3em_002,set1_3em_002_252
341,3319.0,227.9238815542512,0.8028556199004776,499.8336848448328,889.6254896053028,111,485,5.0,0.0061485637081487,0.0083475290813519,0.0064291537464841,0.0123448172202926,0.0019992747608628,0.0143440919811555,mitotic,set1_3em_002,set1_3em_002_341
377,2762.0,224.3797256769669,0.689392116597861,820.4493120926865,993.2255611875452,66,507,18.0,0.0952192227115866,0.1200391061819545,0.136769128372999,0.107498596750433,0.0320079918827215,0.1395065886331546,interphase,set1_3em_002,set1_3em_002_377
379,2724.0,220.02438661763952,0.7070910323801528,867.0238619676945,993.3241556534508,50,370,11.0,0.006394448526996,0.0232983422120688,0.0505557180942076,0.0138061701233026,0.0012795249944057,0.0150856951177084,mitotic,set1_3em_002,set1_3em_002_379
383,3554.0,251.23759005323595,0.7075514898235801,942.904614518852,999.1693866066404,113,1014,39.0,0.0377711567441227,0.058184853580373,0.0579159876415876,0.0841515279302402,0.0104231919399865,0.0945747198702267,mitotic,set1_3em_002,set1_3em_002_383
22,5500.0,397.5046173579947,0.4374094868214269,604.612,201.6101818181818,52,220,5.0,0.0102250241383458,0.0118776714841173,0.0093148219560737,0.0160163464240892,0.0026961871853902,0.0187125336094795,interphase,set1_3em_003,set1_3em_003_22
25,4470.0,265.4041122946064,0.7974474831121434,434.0986577181208,156.86979865771812,65,277,5.0,0.0133832840399487,0.0202307483465027,0.020328924574777,0.0136587198464593,0.0063312478046793,0.0199899676511387,mitotic,set1_3em_003,set1_3em_003_25
27,4918.0,316.56349186104046,0.6167039539274218,476.92740951606345,194.0412769418463,47,220,5.0,0.054678857771711,0.0446494900027793,0.028516366064892,0.0274270004918102,0.0274028595058534,0.0548298599976636,interphase,set1_3em_003,set1_3em_003_27
29,5644.0,324.9777054234136,0.6715675968618747,384.9684620836287,199.526754075124,84,345,8.0,0.0061006193584937,0.0155165009204266,0.0178309825493476,0.0174500907423665,0.0028958827193392,0.0203459734617057,interphase,set1_3em_003,set1_3em_003_29
30,17850.0,518.7594513539337,0.8335200286251515,244.65882352941176,252.2379831932773,149,426,5.0,0.0381943902598651,0.0320879276066315,0.026289651011195,0.0503060900987222,0.0020524470785303,0.0523585371772526,mitotic,set1_3em_003,set1_3em_003_30
45,20206.0,608.4406922210658,0.6858887967049673,82.90285063842423,454.2821439176482,232,661,5.0,0.0151490146938628,0.0217443908297748,0.0257971961145624,0.0124388202153191,0.0031358147081715,0.0155746349234906,interphase,set1_3em_003,set1_3em_003_45
47,16608.0,555.3635277547903,0.6766630938581859,518.4620062620423,464.29774807321775,149,465,5.0,0.0275385316872781,0.0345269532045127,0.0255918542437225,0.0149453853569582,0.0174391886289274,0.0323845739858856,interphase,set1_3em_003,set1_3em_003_47
58,15890.0,542.7005768508881,0.6779742429632907,563.1062303335431,590.8191315292637,188,588,5.0,0.0603132623535491,0.0655870285368177,0.0352137172096962,0.0306714524881039,0.057095542199624,0.0877669946877279,interphase,set1_3em_003,set1_3em_003_58
60,4729.0,322.3624817342637,0.5718606280628511,96.8528230069782,597.5132163248044,174,610,5.0,0.0488189696033831,0.117765766092408,0.1103440189187249,0.0782429012188436,0.0456638175806199,0.1239067187994636,interphase,set1_3em_003,set1_3em_003_60
62,6400.0,376.0254326381661,0.568794513731521,223.14359375,617.74484375,232,829,8.0,0.0127176774731412,0.0239813862320829,0.0283431835751061,0.0249569855758777,0.0044505695592797,0.0294075551351574,interphase,set1_3em_003,set1_3em_003_62
63,7097.0,362.4041122946064,0.6790448113545341,322.1130054952797,617.8881217415809,163,664,7.0,0.0519606767717087,0.0660307096846691,0.0427111859229513,0.0600524972660114,0.0357571281124693,0.0958096253784808,interphase,set1_3em_003,set1_3em_003_63
67,4060.0,273.79393923934,0.680594189542186,151.1448275862069,648.176354679803,133,486,7.0,0.0362866778370708,0.0387353154504621,0.0214727172606664,0.0335244119501527,0.0233290273467716,0.0568534392969244,interphase,set1_3em_003,set1_3em_003_67
68,5679.0,320.0843071412117,0.6965510767664072,404.63514703292833,670.9304455009685,196,741,12.0,0.0580715442879357,0.0626719316767207,0.0554969833231688,0.0692482214340855,0.0154018847011703,0.0846501061352558,interphase,set1_3em_003,set1_3em_003_68
70,4477.0,268.1076477383248,0.7826697588761914,247.5338396247487,672.5773955773956,156,615,11.0,0.0443595161951011,0.0708614578948105,0.0968352066222412,0.051780699091652,0.0147745479260186,0.0665552470176706,mitotic,set1_3em_003,set1_3em_003_70
71,3559.0,233.1370849898476,0.8228394931893865,93.74796291093004,675.5049171115481,140,528,6.0,0.0266440970421455,0.1283898593004674,0.2217487705014383,0.0270605537017657,0.0216018987867482,0.0486624524885139,mitotic,set1_3em_003,set1_3em_003_71
74,5142.0,284.9066376115481,0.7960435021017424,325.0079735511474,682.1215480357837,215,726,7.0,0.0274916756715343,0.0492680668878045,0.0494425517772699,0.0844663209647987,0.0031232027160647,0.0875895236808634,mitotic,set1_3em_003,set1_3em_003_74
75,5813.0,327.86500705120545,0.6795478659791837,848.7670738001032,695.6069155341476,70,418,8.0,0.0280255428745681,0.0311881891969374,0.0224774171221769,0.038740822969538,0.0130231689725611,0.0517639919420992,interphase,set1_3em_003,set1_3em_003_75
76,3210.0,232.27922061357856,0.7476428359013557,179.13115264797509,698.186292834891,148,509,5.0,0.0643711694360682,0.0755941896444522,0.0485869551872621,0.0570938416153597,0.0332877817691152,0.090381623384475,mitotic,set1_3em_003,set1_3em_003_76
77,9387.0,440.4518395093589,0.6080507460192941,904.6175561947374,750.5645041014169,98,383,7.0,0.0216180741579337,0.0482211541962417,0.052498804312848,0.0361186228968797,0.016565933600534,0.0526845564974138,interphase,set1_3em_003,set1_3em_003_77
80,3520.0,245.69343417595164,0.7327661957665345,38.31193181818182,701.3380681818181,111,381,5.0,0.0176367408882878,0.0201390851119892,0.0126001298985523,0.0172116007526026,0.0114374965837241,0.0286490973363268,mitotic,set1_3em_003,set1_3em_003_80
81,5282.0,340.64065632731587,0.5720253811450684,610.5437334343052,721.325823551685,147,589,8.0,0.0429494414972626,0.0533145278679244,0.0349550432162914,0.0584245096290642,0.029215087540451,0.0876395971695152,interphase,set1_3em_003,set1_3em_003_81
82,7916.0,456.8244225113894,0.476669124165626,339.79724608388074,772.3220060636685,344,1243,7.0,0.0393899108719154,0.0545639250952709,0.0368192490211537,0.0436355543377099,0.0286124914270226,0.0722480457647326,interphase,set1_3em_003,set1_3em_003_82
84,5693.0,306.492424049175,0.761573037191278,729.0876515018443,730.7602318636923,109,457,7.0,0.0582524750678339,0.0931306839693,0.1060439180274357,0.0616351061683009,0.027709146569455,0.089344252737756,mitotic,set1_3em_003,set1_3em_003_84
86,4443.0,262.2081528017131,0.8120706140845023,275.1377447670493,729.631555255458,168,630,8.0,0.0485376349212721,0.0909476093279851,0.1194648527152784,0.0829882212824965,0.0173524628026724,0.100340684085169,mitotic,set1_3em_003,set1_3em_003_86
87,3486.0,234.20815280171308,0.7986072143672668,132.61933448078025,735.6916236374068,101,386,5.0,0.0220419168872066,0.0242812759638734,0.0113753789605542,0.0037582782353516,0.0188091486684052,0.0225674269037568,mitotic,set1_3em_003,set1_3em_003_87
88,6417.0,337.74725804511405,0.7069004195486427,60.5365435561789,757.4799750662303,164,543,5.0,0.0154341761130277,0.0272899039619241,0.0182469158557052,0.0355205423786789,0.0111355454251813,0.0466560878038603,mitotic,set1_3em_003,set1_3em_003_88
89,7511.0,342.1076477383248,0.8064585679833819,526.8401011849288,746.7028358407669,117,517,9.0,0.0177807841297647,0.0388041477146611,0.041132357398068,0.0507449161746172,0.0070504466933618,0.0577953628679791,mitotic,set1_3em_003,set1_3em_003_89
96,6494.0,331.445742854949,0.7428433807372227,90.56667693255312,814.3684939944565,175,675,6.0,0.0296614151485841,0.0387010456911262,0.0331944626871635,0.0170865015529124,0.0207280143250451,0.0378145158779576,mitotic,set1_3em_003,set1_3em_003_96
98,5416.0,305.41525958289964,0.7296373469401375,263.7295051698671,794.6395864106352,205,938,20.0,0.066966789404949,0.1194090220606021,0.1874925604217255,0.1102024542579715,0.0095261818480216,0.1197286361059931,mitotic,set1_3em_003,set1_3em_003_98
101,6686.0,359.62846301849606,0.6496330663780994,490.2568052647323,829.1393957523183,150,570,6.0,0.0200560685244763,0.047880768695407,0.0618635843386368,0.0223501512666785,0.0153115741054583,0.0376617253721369,interphase,set1_3em_003,set1_3em_003_101
102,4639.0,339.4274528917194,0.5059881037142495,550.905798663505,813.8366027161026,106,398,6.0,0.0410015456050435,0.065982868569618,0.0731254601335833,0.0247455576948441,0.0237501663819899,0.0484957240768341,interphase,set1_3em_003,set1_3em_003_102
109,8534.0,409.0609665440988,0.640894319350971,889.26658073588,861.2041246777595,57,221,5.0,0.0907775193346849,0.0806764790350743,0.0548540009885091,0.1013129857893969,0.0303743227534316,0.1316873085428286,interphase,set1_3em_003,set1_3em_003_109
110,5509.0,349.30360723121805,0.5673832298741505,194.84352877110183,880.5117081139953,108,536,7.0,0.0303058553557029,0.0379654536568336,0.0475276865141695,0.0251722692588717,0.0084664696478828,0.0336387389067546,interphase,set1_3em_003,set1_3em_003_110
112,3754.0,280.45079348883235,0.5997783513289887,251.4954714970698,846.0458177943527,126,470,6.0,0.0192705323664494,0.0562967905502803,0.0811103457866424,0.0319491075917921,0.0104172186762336,0.0423663262680257,interphase,set1_3em_003,set1_3em_003_112
114,3946.0,278.7766952966369,0.6380489728779056,356.3504815002534,858.5309173846933,146,548,5.0,0.0178893002695547,0.0239133858564413,0.0211890097367825,0.0112356677179439,0.0112438798966844,0.0224795476146283,interphase,set1_3em_003,set1_3em_003_114
116,3365.0,253.4213562373095,0.6584283331941707,685.9610698365527,868.9604754829123,64,296,7.0,0.016680800327478,0.017648675054497,0.008375697355416,0.0034804345825662,0.0152034342580732,0.0186838688406395,interphase,set1_3em_003,set1_3em_003_116
120,5099.0,289.5218613006978,0.764420194439996,289.6740537360267,897.023926260051,151,534,7.0,0.0445521664310795,0.0441585993975117,0.0171719363457508,0.0206348866060931,0.0334292354793324,0.0540641220854256,mitotic,set1_3em_003,set1_3em_003_120
127,5273.0,298.73506473629425,0.7424979030655936,487.25621088564384,927.940072065238,135,583,7.0,0.017104550674964,0.0401001515287752,0.0498893571697569,0.0310119360982386,0.010491681946454,0.0415036180446926,mitotic,set1_3em_003,set1_3em_003_127
129,4250.0,292.0426765808692,0.6261900375197444,41.81035294117647,934.9976470588236,34,170,5.0,0.0174945914810776,0.0269003305091691,0.0265685162237488,0.0269951973712259,0.0074198160614352,0.0344150134326611,interphase,set1_3em_003,set1_3em_003_129
52,2293.0,198.89444430272832,0.7283977814733995,58.94417793283908,180.802878325338,14,156,6.0,0.0124502588194918,0.013711247230318,0.0043847846943909,0.0062088290463496,0.0101675965312249,0.0163764255775745,mitotic,set1_3em_004,set1_3em_004_52
58,2786.0,220.89444430272832,0.7174991483291583,669.6564967695621,177.3478104809763,35,226,5.0,0.0089288276847248,0.0120772590547022,0.0050420934953239,0.0101860286745455,0.0077243773575592,0.0179104060321047,mitotic,set1_3em_004,set1_3em_004_58
81,3281.0,243.51576464628795,0.6952835126897102,734.6406583358732,259.4114599207559,52,228,5.0,0.0132929811606214,0.0281109060167517,0.0343524743089347,0.0095232376067707,0.0092750376178963,0.018798275224667,interphase,set1_3em_004,set1_3em_004_81
106,5374.0,319.1370849898476,0.6630602276454067,919.4095645701526,416.1371417938221,34,181,6.0,0.0057232047113009,0.0131766556081081,0.0155504679393462,0.0102600903100113,0.0041648061846134,0.0144248964946248,interphase,set1_3em_004,set1_3em_004_106
113,4027.0,284.27922061357856,0.6261829833911606,969.2118202135584,422.6667494412714,52,380,11.0,0.0198882603088781,0.0200199998966559,0.0114630825914016,0.0072369889069306,0.015667805795493,0.0229047947024237,interphase,set1_3em_004,set1_3em_004_113
116,3683.0,272.06601717798213,0.6252633670619809,641.9918544664675,433.06136301927774,61,314,7.0,0.0177756612012474,0.0253874833012288,0.0219638613817501,0.0326761258216721,0.007991520124826,0.0406676459464981,interphase,set1_3em_004,set1_3em_004_116
118,4434.0,299.3797256769669,0.621671246099119,122.25349571493008,460.3901668921967,44,247,6.0,0.009169893236209,0.009644237602542,0.0056865182957993,0.0090631740291026,0.0047773619326393,0.0138405359617419,interphase,set1_3em_004,set1_3em_004_118
121,3288.0,259.2731239591687,0.6146482817798397,682.8622262773723,451.9686739659367,62,284,7.0,0.0238138885257594,0.0298970117859498,0.0340876943490083,0.0311226426248241,0.0039641094171308,0.035086752041955,interphase,set1_3em_004,set1_3em_004_121
122,2823.0,240.6223663640862,0.6127012342669181,505.01346085724407,462.5653560042508,80,300,5.0,0.0153421479179888,0.0198832275053893,0.0145399258213019,0.0287301100184849,0.0065818567617479,0.0353119667802329,interphase,set1_3em_004,set1_3em_004_122
124,3031.0,270.8294731452727,0.519282815242475,855.2784559551303,472.9666776641373,26,184,6.0,0.0203196611212117,0.0218110203294601,0.0121555208855651,0.0190919525651048,0.0108060828753971,0.029898035440502,interphase,set1_3em_004,set1_3em_004_124
128,2016.0,208.20815280171308,0.5843928980744761,315.38343253968253,495.5605158730159,79,423,9.0,0.0299694547871973,0.0343358821815373,0.0321707419804839,0.0340683307765273,0.0072687937707004,0.0413371245472278,interphase,set1_3em_004,set1_3em_004_128
129,1631.0,210.095454429505,0.4643340292624829,679.3390557939914,493.6591048436542,60,342,6.0,0.011316794119278,0.0122899851321402,0.0084952192588127,0.0086857016609182,0.0065680420531191,0.0152537437140374,interphase,set1_3em_004,set1_3em_004_129
131,2316.0,219.86500705120545,0.6020550324914258,525.6204663212435,507.6502590673575,62,320,7.0,0.0127419707361925,0.0213453061662127,0.0177595519914551,0.0203720288668457,0.007772988391028,0.0281450172578738,interphase,set1_3em_004,set1_3em_004_131
134,1727.0,209.25483399593907,0.4956227153900978,754.9924724956572,493.9073537927041,29,166,6.0,0.0093129288199089,0.018589048473791,0.0171981065689999,0.0255942340767734,0.0051561969224348,0.0307504309992082,interphase,set1_3em_004,set1_3em_004_134
138,2651.0,294.095454429505,0.3851615871403351,802.2070916635232,509.4783100716711,45,397,12.0,0.0212008327393536,0.0401412523895375,0.0484438187026006,0.0339434974485075,0.0086282052745839,0.0425717027230914,interphase,set1_3em_004,set1_3em_004_138
141,2696.0,264.7878425849301,0.4832075035366929,165.0723293768546,517.884643916914,66,410,15.0,0.0104206546306219,0.0216040962305694,0.0260684135469544,0.0230690247493443,0.0033154287019195,0.0263844534512638,interphase,set1_3em_004,set1_3em_004_141
146,3257.0,265.7289680818844,0.5796286190860546,242.83880871968069,529.530242554498,70,331,7.0,0.0166218954913658,0.0381331270918513,0.0411759298676667,0.0243283463769059,0.0146312901276944,0.0389596365046003,interphase,set1_3em_004,set1_3em_004_146
149,2591.0,281.4386001800126,0.4110644817591021,418.8668467773061,528.221536086453,103,469,6.0,0.0158633146407653,0.0697016890271052,0.0989854055467528,0.0649521301990069,0.0087445121985214,0.0736966423975284,interphase,set1_3em_004,set1_3em_004_149
150,1584.0,173.65180361560903,0.6600950019794383,649.3579545454545,535.8775252525253,64,368,9.0,0.0229717502468473,0.0194004375712837,0.0143935800873873,0.0185584964461317,0.0068468953108066,0.0254053917569383,interphase,set1_3em_004,set1_3em_004_150
151,2141.0,249.46803743153544,0.4323114223256091,850.014012143858,527.5460065390005,35,324,10.0,0.0111726811927007,0.0134324402048279,0.0082107101350215,0.0122797912947287,0.0072700810236356,0.0195498723183644,interphase,set1_3em_004,set1_3em_004_151
153,1733.0,194.95331880577407,0.5729901563004532,115.71609924985574,544.1604154645124,61,359,11.0,0.0198206439576939,0.0230855766143995,0.0178554851962238,0.0209543208200614,0.0093275093394857,0.0302818301595472,interphase,set1_3em_004,set1_3em_004_153
155,2363.0,246.8944443027283,0.4871368133661359,441.68726195514176,550.6297079983073,64,388,11.0,0.0225746764650487,0.0367788510560444,0.0312890662045494,0.0230064590555188,0.0166141699208289,0.0396206289763477,interphase,set1_3em_004,set1_3em_004_155
156,6814.0,383.04877323527904,0.5835846251754414,703.8081890226006,593.2590255356619,110,461,5.0,0.0240867691769122,0.0256240919343701,0.0166555170591571,0.0196358991677532,0.015151737109964,0.0347876362777172,interphase,set1_3em_004,set1_3em_004_156
158,2997.0,240.6223663640862,0.6504660287275784,183.1031031031031,558.1027694361028,63,402,10.0,0.0132346014167544,0.0176237662000736,0.0165293868449922,0.0165532356326867,0.004417489253274,0.0209707248859608,interphase,set1_3em_004,set1_3em_004_158
161,10950.0,579.6944801964781,0.4094733608266759,805.5534246575343,614.0263013698631,168,612,10.0,0.0194975055392733,0.0781010175060991,0.1181284561142521,0.0924747848518061,0.0088241708711135,0.1012989557229197,interphase,set1_3em_004,set1_3em_004_161
166,2491.0,296.9716087690037,0.3549390055948093,299.3701324769169,563.2468887996788,49,304,6.0,0.0170811568842161,0.0201527672853738,0.0133865220918534,0.0209792822695572,0.0108993993730359,0.0318786816425932,interphase,set1_3em_004,set1_3em_004_166
168,8878.0,499.0609665440989,0.4479378879714584,762.810993466997,663.3419689119171,135,516,6.0,0.0188537099865735,0.0198671595224093,0.0095895039284734,0.0069978054073817,0.0144478206073811,0.0214456260147629,interphase,set1_3em_004,set1_3em_004_168
173,9107.0,575.9726547895302,0.3449701125637735,256.70056000878446,696.7165916328099,141,623,11.0,0.0207396233358874,0.0284571483844253,0.0368953946438253,0.021668262180804,0.0079495265762128,0.0296177887570169,interphase,set1_3em_004,set1_3em_004_173
177,3508.0,314.4274528917194,0.4458908224059661,481.0324971493729,632.868015963512,99,378,10.0,0.0725384498906414,0.0770224358984709,0.0619471223430072,0.1191604669846926,0.0135227235054753,0.1326831904901679,interphase,set1_3em_004,set1_3em_004_177
179,2949.0,244.99494936611663,0.6174053292336676,393.5957951848084,612.7046456425907,74,296,5.0,0.0105191152314552,0.0145496759373493,0.0121384022847265,0.010585058132592,0.0065241157122598,0.0171091738448519,interphase,set1_3em_004,set1_3em_004_179
180,3292.0,408.40916292848976,0.2480154501824089,185.7843256379101,673.953219927096,83,338,7.0,0.0176515797275763,0.0200894687499493,0.0141544410814698,0.0230806538374682,0.0079394303900381,0.0310200842275063,interphase,set1_3em_004,set1_3em_004_180
182,3616.0,312.49852070358486,0.465309965799498,413.6418694690266,665.9045907079646,105,408,7.0,0.0060669148489771,0.0086247440670028,0.0055591864204029,0.0043165924533394,0.005119654118224,0.0094362465715635,interphase,set1_3em_004,set1_3em_004_182
183,5429.0,358.3919189857867,0.5311452334191905,25.68207773070547,693.9242954503592,37,205,7.0,0.0509525518928699,0.1102430086551283,0.1577134694874049,0.0670881138083958,0.0235580261727586,0.0906461399811544,interphase,set1_3em_004,set1_3em_004_183
190,3033.0,254.4446968344225,0.5887019399647264,387.4378503132213,732.4487306297395,88,519,14.0,0.0212173346014041,0.0384718345188132,0.0480352588442641,0.0215493902471609,0.0115965510488906,0.0331459412960515,interphase,set1_3em_004,set1_3em_004_190
194,8236.0,373.9655121145938,0.7400534660214882,330.1731423020884,753.6619718309859,137,497,9.0,0.0504388446691594,0.0502443710887575,0.031680448394699,0.0530446401289859,0.0260343973376903,0.0790790374666763,mitotic,set1_3em_004,set1_3em_004_194
200,4180.0,263.237590053236,0.7580368765498563,868.2344497607655,765.4545454545455,167,556,5.0,0.0291047852351171,0.0280866790400139,0.0171661378444482,0.0278723462910842,0.0144131638775745,0.0422855101686588,mitotic,set1_3em_004,set1_3em_004_200
204,4961.0,310.3675323681472,0.6471821410799834,618.495263051804,773.8530538197944,202,669,9.0,0.0100956522782803,0.016824147408133,0.0146949512983283,0.0149226947410456,0.0066838068309683,0.0216065015720139,interphase,set1_3em_004,set1_3em_004_204
206,3041.0,231.86500705120548,0.7108138216634738,784.9967116080237,785.5692206511017,108,436,6.0,0.0210331752670293,0.0233148733008064,0.015372576315441,0.0279618026221224,0.0091985768329956,0.037160379455118,mitotic,set1_3em_004,set1_3em_004_206
207,3761.0,288.8061325481597,0.5666310586159365,391.4480191438447,799.2151023663919,110,370,5.0,0.0134099341818467,0.0132284553048915,0.0081800866259814,0.0173275710518809,0.0047977553116003,0.0221253263634812,interphase,set1_3em_004,set1_3em_004_207
211,3782.0,263.76450198781714,0.6831226650837358,202.9156530936013,815.346641988366,60,285,7.0,0.0075158201004099,0.0131082468016671,0.0128332085846167,0.0126970479870749,0.0041104975249554,0.0168075455120303,interphase,set1_3em_004,set1_3em_004_211
213,4380.0,299.7289680818844,0.6126698904728455,735.2374429223744,819.834703196347,84,390,7.0,0.0099809449556164,0.0086465677323645,0.003743339626875,0.0057640912958203,0.0060604263757037,0.0118245176715241,interphase,set1_3em_004,set1_3em_004_213
216,2671.0,210.50966799187808,0.7574250416130442,442.983901160614,823.8195432422314,81,314,5.0,0.0515512180726543,0.0462948232123122,0.0270144838975546,0.032037740203002,0.0205488779841751,0.0525866181871771,mitotic,set1_3em_004,set1_3em_004_216
221,2338.0,221.82337649086284,0.5970899310612904,809.1261762189906,837.8964927288281,112,433,6.0,0.0268754131619375,0.0782153872124376,0.1227536389206032,0.0293152633445217,0.0150490306958688,0.0443642940403905,interphase,set1_3em_004,set1_3em_004_221
228,1660.0,160.98275605729688,0.8049320784590549,399.71144578313255,852.1548192771085,78,304,5.0,0.010522924787415,0.0617433277090564,0.0980104718233143,0.0242733834108775,0.0072826049857987,0.0315559883966762,mitotic,set1_3em_004,set1_3em_004_228
230,2365.0,219.61626970967623,0.6161862287436104,270.07145877378434,861.0164904862579,101,424,10.0,0.0131708557392851,0.014339838675654,0.0112988397264168,0.013630805902713,0.0043391028260568,0.0179699087287698,interphase,set1_3em_004,set1_3em_004_230
238,5159.0,301.4751801064719,0.713300067833352,754.4279899205272,903.8301996510952,90,431,6.0,0.0167446117812837,0.0563382413495065,0.0688006348752925,0.0913684724962919,0.0036985151490015,0.0950669876452934,mitotic,set1_3em_004,set1_3em_004_238
239,5471.0,343.9482681718907,0.5811527867596038,182.12410893803693,934.7411807713398,75,326,5.0,0.0117877225933629,0.0360347064955843,0.0377308892698925,0.0517367914483957,0.0053959093131094,0.0571327007615051,interphase,set1_3em_004,set1_3em_004_239
245,1779.0,173.6812408671319,0.741105413348766,827.1821247892074,911.18718381113,58,296,6.0,0.0104397157902658,0.0259909113190829,0.0319143780335948,0.0185376026615926,0.0065519642154094,0.025089566877002,mitotic,set1_3em_004,set1_3em_004_245
249,3937.0,244.02438661763952,0.8308235900590168,351.2649225298451,930.2141224282448,84,327,5.0,0.103051402714906,0.0910551714902348,0.0537655883567838,0.0626865329995952,0.0620601059306974,0.1247466389302926,mitotic,set1_3em_004,set1_3em_004_249
253,2853.0,259.072113832392,0.534158690324356,541.8187872415002,939.0115667718192,104,483,8.0,0.0293894061027125,0.0504620510153978,0.0793768706745575,0.0301104720968155,0.007857523486702,0.0379679955835176,interphase,set1_3em_004,set1_3em_004_253
255,2919.0,236.89444430272832,0.6536333571912101,715.4515244946899,944.7858855772524,70,311,6.0,0.0201505483259801,0.0531676149735678,0.0741655165135822,0.0442351100624569,0.0068393726870262,0.0510744827494832,interphase,set1_3em_004,set1_3em_004_255
260,2986.0,234.7228714274745,0.6810654488988331,635.158740790355,945.0790354989952,105,449,8.0,0.0255110781606714,0.0733396203317248,0.0786912115769549,0.0901316717679378,0.0219687208282015,0.1121003925961393,interphase,set1_3em_004,set1_3em_004_260
264,3040.0,249.5573952066306,0.6133982882375676,609.0013157894737,982.0085526315788,67,284,7.0,0.0123988347945289,0.0147843264823504,0.0172788581230442,0.0119768689845053,0.0026589575835712,0.0146358265680765,interphase,set1_3em_004,set1_3em_004_264
266,1999.0,204.59292911256333,0.6001245840501104,211.2036018009005,979.4902451225612,75,427,6.0,0.0206695537709177,0.0424465062796625,0.047659567500036,0.0312548042672404,0.0129454875162852,0.0442002917835257,interphase,set1_3em_004,set1_3em_004_266
267,2683.0,220.6101730552664,0.6927546763135529,286.5218039508013,973.9936638091688,100,385,6.0,0.0203414240543556,0.0261033182491798,0.0161994721987815,0.019410602682803,0.0196088965510159,0.0390194992338189,interphase,set1_3em_004,set1_3em_004_267
