trajectory_id,track_length,alpha,alpha_err,alpha_r_squared,alpha_p_value,alpha_method,D_generalized,D_original,D_err_original,diffusion_type,radius_of_gyration,r_squared_original,n_time_lags,alpha_powerlaw,alpha_powerlaw_err,alpha_powerlaw_r_squared
1,32,1.1142007601508752,0.044599889458370075,0.9889083855886414,4.2004496952619663e-08,loglog,0.007317849841900872,0.007959154795534664,0.00020415962556792811,super-diffusion,0.11672537272313806,0.9941131343221336,9,1.2411114526236955,0.03989532904948068,0.996556409315641
11,60,0.8628705663350278,0.05924350854899614,0.9298657036666056,1.1872133315012115e-10,loglog,0.01940420977448821,0.023993469966882848,0.0005594309282378439,sub-diffusion,0.215252638655911,0.9951311123597317,18,0.6001244406764349,0.09681028385172331,0.8225228363606876
14,34,1.0042401965759313,0.04711443007803352,0.9826961820189384,2.4686194249668016e-08,loglog,0.003951978052934981,0.004355595864151938,0.00010008753721608853,normal,0.08351160212332315,0.99527014003265,10,1.1260224302494668,0.028587619348398197,0.9974474784508509
19,11,0.3549656752273424,0.07612402654607582,0.9157663779771593,0.04304316817467713,loglog,0.0024370504944926574,0.002411574750515524,0.0004825316869904728,sub-diffusion,0.05743838190531482,0.9258642762772207,4,0.37462099709743396,0.09431859856408602,0.8984893592356616
20,12,0.7043262710686883,0.14168165876294855,0.925129295515178,0.038163581727548634,loglog,0.022543056073382587,0.021256731693400296,0.00669449605405277,sub-diffusion,0.12717585587626742,0.8344678363919282,4,0.5880056635663967,0.1764882332609534,0.8863673876222795
22,17,0.9042587446205941,0.05074288683730498,0.9906415760926471,0.00038531565312478115,loglog,0.023860932372145423,0.026492848944127092,0.000984830244145272,normal,0.17648217595821977,0.994502930551075,5,0.9768773863063926,0.06724199766493515,0.9914450006558972
45,17,0.8338125294998734,0.12260308030111478,0.9390892360082919,0.00650068299350183,loglog,0.003556517091749803,0.00484081642946309,0.00046544517970342574,sub-diffusion,0.07626973387586206,0.964339313742364,5,1.067799103473831,0.15781224417885462,0.9608048252983596
46,90,0.96311332737651,0.019182195318753592,0.9901803469536814,1.2641934253195994e-26,loglog,0.003697646416114006,0.003862788787975978,0.00012652056587444897,normal,0.11253779491162035,0.9904370960726403,27,0.8625258502781273,0.032444368562660544,0.9835281647499978
50,19,0.3693006052984531,0.08213858653139414,0.8707710934806134,0.020538619187279356,loglog,0.01863977755855736,0.014062144584476929,0.0021190917896096906,sub-diffusion,0.20548660767328528,0.8980331935542682,5,0.32542566639892845,0.08403409478816015,0.8594283951543134
51,90,0.9617387137058052,0.04544494477554412,0.9471303165743825,1.7766980057554776e-17,loglog,0.004308050911853612,0.005796035184800367,0.00010336166642918851,normal,0.15596314422069288,0.9971459720056823,27,0.6314799815896903,0.05668420011098852,0.9090957914541997
52,90,0.5006906524517177,0.03640513702663763,0.8832611263605931,3.661633779587948e-13,loglog,0.0032829485989613843,0.0033834251004444,9.798877707817008e-05,sub-diffusion,0.09196625203772658,0.992507686856657,27,0.3633810845686813,0.04692600625364293,0.7972490929630309
55,28,0.4658453131384421,0.06328548013684342,0.9003066052665426,0.0003219543072647546,loglog,0.004946627595926976,0.004479048433850143,0.0003982090171389841,sub-diffusion,0.11582394411450449,0.9335877317797585,8,0.44807951183957073,0.08708268277617062,0.8563711922619255
60,10,0.9264887919303553,0.12085769324480632,0.9670872687464407,0.016594046821740704,loglog,0.0041759578673156265,0.004592671722726198,0.0004661911503106688,normal,0.05777087741241246,0.9798085420752672,4,1.0140878618907476,0.1295652489392386,0.9798786278697718
63,36,0.4736841102765447,0.12711162899149672,0.6344854924677235,0.005816706454240954,loglog,0.014951855863236807,0.005715012071570251,0.002553270802194782,sub-diffusion,0.2005503433208197,0.3576032015793815,10,0.28781297599291794,0.1217458337811735,0.5031289641647161
67,23,0.4874735794290739,0.040244371511043986,0.9734608734064756,0.0002664939967448916,loglog,0.030430724477360428,0.019977489297699588,0.002967404316603648,sub-diffusion,0.21098350057211504,0.8830956592606553,6,0.4589272808510272,0.046451051909057746,0.96992574437521
101,24,0.8899658833661139,0.031949506116806636,0.9935973170631571,1.1162963716202745e-06,loglog,0.0036519243561720055,0.0030879391046798555,0.00021528597661148977,sub-diffusion,0.06048151402190532,0.9670950506805747,7,0.8990414408695032,0.044502568193218295,0.9929467581397065
108,13,1.2836284831555898,0.05644327048695846,0.9961478830699659,0.0019279168967974995,loglog,0.16755530296180843,0.14739319777914595,0.009473978412214154,super-diffusion,0.2897249612934608,0.9918046780111758,4,1.3354186211799097,0.06095103557441828,0.9978385399149069
116,31,1.2489200992049583,0.02836528914904902,0.9964021932264107,8.140911702460333e-10,loglog,0.007664478738521761,0.009607196427762036,0.0005360480463724211,super-diffusion,0.15393121939330084,0.9727444243308985,9,1.3944490963893164,0.04256657999947939,0.9970230996283409
120,20,0.6782955561209496,0.0680738039384678,0.961271716308545,0.0005698783368546365,loglog,0.015526541437265675,0.017454717257243697,0.001413207085244282,sub-diffusion,0.12979567687484728,0.9621572005707879,6,0.672103082445568,0.08726256750776154,0.9559093819086285
123,11,0.8091321585033594,0.09687272933074792,0.9721311528542537,0.014032884496519515,loglog,0.08787421283396148,0.10163972995221,0.01372399777380748,sub-diffusion,0.2957575210940581,0.9648188508804546,4,0.9136015777436587,0.16060915823739025,0.9593744799007708
124,26,0.861281437222934,0.019580769404976155,0.9974223826542716,1.146370982498833e-07,loglog,0.012756667961168816,0.011360833223192219,0.0006776378949063967,sub-diffusion,0.11945796677319544,0.9723256954290885,7,0.8608403852399408,0.04254411984043545,0.9928787177335024
125,54,1.285653201528197,0.027696104801504078,0.993544866388926,9.810565724005353e-17,loglog,0.007932438867370155,0.00870628371092724,0.0003082100619672461,super-diffusion,0.18139050002983265,0.9888467989018376,16,1.3775930309227047,0.009377595349780958,0.9997220052650228
147,14,0.5627170396590367,0.06060894835127402,0.977324230876344,0.011402897598650654,loglog,0.02054952753215605,0.02029222245426902,0.0024149943788974327,sub-diffusion,0.17942285512374015,0.9592411360895096,4,0.5308007169125172,0.08527221499256937,0.9615193813193621
151,90,1.1855433062535297,0.018879469606789236,0.9937000074681747,4.9164217545684606e-29,loglog,0.005012237804963843,0.005566092889461946,0.00024533885878158876,super-diffusion,0.2062699173242146,0.982815134765316,27,1.080253160120608,0.02799980870830236,0.9927119181176486
161,12,0.7905066090007101,0.3246149690606926,0.7478015419274431,0.1352448080945434,loglog,0.02488856410144272,0.03682845233353361,0.013529542656492892,normal,0.19338971503661936,0.7874534274568558,4,1.3987828271718707,0.5713939575276368,0.8206599633432402
169,10,1.4347230771717607,0.06295296788699946,0.9961641892465919,0.0019197480930744917,loglog,0.3847428570947757,0.2831840425456763,0.002639395925611349,super-diffusion,0.3706888994091395,0.9998262894981776,4,1.3130569423470793,0.06788502063770956,0.9973066289848179
170,11,1.2086155324573475,0.09737611275445943,0.9871838797044374,0.006428724396464134,loglog,0.2539060694806847,0.20936538452567863,0.016124571459169356,super-diffusion,0.3432761158860095,0.9882760248075398,4,1.0506438787894188,0.12094648027464956,0.9852501016098031
171,74,0.9494634972850572,0.025332854100892494,0.9859621073007176,5.2699568106989405e-20,loglog,0.00391569764217492,0.003537346779350901,5.329145531947035e-05,normal,0.14750026687521853,0.9979614740369414,22,1.1498476833244806,0.030546337516032605,0.993369646194627
178,21,0.9294483635287114,0.04809941707233779,0.9894010836394588,4.227611048693335e-05,loglog,0.07165861758319998,0.06178689647427808,0.0035093893661753525,normal,0.2669631890790319,0.9810112835436615,6,0.8508154662746069,0.04033274086948904,0.9947210989457976
189,35,0.9236765710519529,0.058227269419700335,0.9691886106816733,2.4953247469109816e-07,loglog,0.01932814798506887,0.012577632892855054,0.0025677563151811837,normal,0.14939522699834765,0.7272174502008495,10,0.7265319174748498,0.09239632627892827,0.9345011078464038
194,10,0.9117378891417109,0.013597848066097847,0.999555330647971,0.00022235939786541253,loglog,0.08930661212321406,0.09160716076014319,0.002330899032623333,normal,0.1936607019370736,0.9987068283702367,4,0.8977200733715752,0.013947430321815458,0.9996879871654025
202,10,0.44137884539554334,0.10884153117590462,0.891569501020678,0.05577041932553395,loglog,0.02263341782759068,0.025216498299113835,0.003956508356383789,sub-diffusion,0.12684117613661655,0.953074237202182,4,0.4882008906532737,0.11017339674972863,0.9193853907778362
211,48,1.4144317780446984,0.056273074813561606,0.9813599590479448,9.538750799853787e-12,loglog,0.0087265498942737,0.010207869355313431,0.0006542597965240606,super-diffusion,0.23098767900792688,0.9643462049936062,14,1.7180531266200498,0.022603363781047985,0.9991606061599148
220,14,0.48669184194383897,0.1883086103370188,0.7695817068297361,0.1227419382931063,loglog,0.04295401419375883,0.014965938404233802,0.01698443390464017,sub-diffusion,0.21599694815989354,0.2056002303546266,4,0.3852072342934582,0.20737965648476625,0.6904702269796654
222,14,0.9791287327401702,0.025112160802731938,0.9986861445188978,0.0006571436594456914,loglog,0.028877506378621905,0.029334947468178232,0.0005740641844799943,normal,0.1775437846730234,0.9988524459599205,4,0.955491504687914,0.02595063131278911,0.9990802006810149
229,10,0.7009368137935175,0.14996505373277025,0.9161294953577027,0.0428534619204316,loglog,0.07925101840913215,0.0736787881755125,0.023407630804838007,sub-diffusion,0.26164225004765596,0.8320405406791052,4,0.5765849881937678,0.17157342914994778,0.8877520826871605
230,77,1.1110071068435419,0.01674988790462998,0.9952494773971552,6.95649867210431e-26,loglog,0.0030079738111477715,0.0029307648679420674,5.9096497346168235e-05,super-diffusion,0.14996388733843277,0.9963539918298301,23,1.2541856894001067,0.015647870247975457,0.9985481595044948
237,13,0.6023700369400523,0.028131101917838276,0.9956570330174099,0.0021738462951524933,loglog,0.03581033849358405,0.03846149180396059,0.0030999956029755995,sub-diffusion,0.20513027356701982,0.9871739304564228,4,0.5963609939289517,0.03415925336212686,0.994974821783326
256,17,0.5867293427113681,0.08133196599753326,0.945496059416495,0.0054914365870791315,loglog,0.02208791595185,0.018548105734997954,0.0027806793968736757,sub-diffusion,0.1627202244386248,0.9175148438866771,5,0.5174993955683763,0.0879119293967371,0.9403597080961863
257,42,0.8096988714609399,0.03360518640958504,0.9830664342842466,3.450878584165584e-10,loglog,0.004225188113545455,0.0038848684797868943,0.00023047839504984464,sub-diffusion,0.08583058979125056,0.9692951947970629,12,0.7253911080107045,0.05363991726995667,0.9708007482002462
260,10,0.4892963368603494,0.23455337229043455,0.6851244713673662,0.17227753965029666,loglog,0.006232096237699634,0.004934707452976972,0.003911358799896541,sub-diffusion,0.08878405494344152,0.4431642052500623,4,0.3761898632170111,0.27095921056033034,0.5594521029972503
274,13,0.5296919782611207,0.08895165070678844,0.9466097213326117,0.027061296209976212,loglog,0.033751683811521556,0.03633878992639941,0.0072602992582200924,sub-diffusion,0.1770880368817369,0.9260666529122227,4,0.5363820415494387,0.11149446960128966,0.9354641331428462
326,13,0.30471719979079953,0.0988514690986958,0.8261213828283629,0.09108780246474689,loglog,0.025898710131865406,0.019036874223642985,0.009702892723746961,sub-diffusion,0.22662423376403598,0.6580824116954244,4,0.27108256056258495,0.10781215096790746,0.786442667501639
380,16,1.2533093053844309,0.04772415548047144,0.9971084389699117,0.0014468271694733084,loglog,0.08645053362022384,0.09595141121538966,0.006518501188192387,super-diffusion,0.31018561459541877,0.9818737316667159,4,1.3348986340021805,0.09714431255085405,0.9944151922230476
403,13,0.9464389386681764,0.10065032790703167,0.9778812139828371,0.011121233930651567,loglog,0.014139092976117497,0.013189673346003244,0.0019347692959293227,normal,0.09515379555299962,0.9587407368796803,4,0.8231416022502538,0.12833896536887301,0.9699078294900056
428,16,0.8642953768779188,0.02548052752247327,0.9982647255557727,0.0008680139462190486,loglog,0.019823925971780055,0.020534262415719828,0.0003814073745946196,sub-diffusion,0.11875588892437727,0.9986218990458472,4,0.8405481701973112,0.026277804535484124,0.9987026110715901
433,13,1.2600021223452416,0.11987887861696746,0.9822179972369398,0.008930881705549345,loglog,0.2009307411132727,0.15770173266571044,0.0145204493560289,super-diffusion,0.3465644508114593,0.983326945142439,4,1.060918261432454,0.14744936790879284,0.9789964682251471
470,12,0.5263741379017426,0.06650788862972419,0.9690587856525931,0.015592164978054929,loglog,0.01899136804790346,0.01878979849877506,0.0042456484458050486,sub-diffusion,0.12236145383294164,0.9073493765826339,4,0.48736784025000346,0.08577370575691626,0.9534991509896485
579,15,1.0816281684863183,0.11509069859286228,0.9778573310899933,0.01113330974797555,loglog,0.20670733837132765,0.1408676386680751,0.02611582414535091,normal,0.41684231818413114,0.9065268426645432,4,0.9195217914817764,0.1451656414032213,0.9709533312591314
596,87,0.8060964529977717,0.03600943597942476,0.9542961253527976,1.3680748652284168e-17,loglog,0.00487908281925055,0.005663389466938504,0.00010813254777230652,sub-diffusion,0.12549325577948597,0.9967297622303236,26,0.5885148432060756,0.058191189983368086,0.8916634176761562
626,14,1.3263205041214219,0.011209462804849095,0.9998571630424118,7.142102927581995e-05,loglog,0.2257610544175245,0.1984574404582536,0.007848685114374046,super-diffusion,0.3554401215106566,0.9953296737260988,4,1.3499900939991782,0.019191173481854052,0.999791870673357
630,14,0.7228938887447691,0.15218028430335537,0.9185828313511355,0.04157273027572116,loglog,0.027623131913202977,0.014953233375959106,0.007757509935087674,sub-diffusion,0.12314975949018325,0.5532769931061248,4,0.5928945490914967,0.17915597068097935,0.8857998682535145
668,11,0.5184729682464192,0.03669166088482141,0.9900829142869041,0.00497089776886217,loglog,0.05997848884589354,0.06503418281220599,0.004762858592879419,sub-diffusion,0.2411294874827307,0.9893867575642838,4,0.5329202401317283,0.050924633744002794,0.9853972652082301
672,11,0.7900332998539296,0.10989987956379665,0.962740016514667,0.01880684036492231,loglog,0.010163043868809665,0.009814736490849595,0.0020950072607913823,sub-diffusion,0.09724001708034073,0.9164841804358801,4,0.6827822891795216,0.14006459126156676,0.9453427513696404
723,10,0.613630489935907,0.01862331822345965,0.998161214993998,0.0009198155333086656,loglog,0.04968662630608164,0.05462609470928414,0.0022465466009853664,sub-diffusion,0.23072497994668778,0.9966287267248748,4,0.624160575202169,0.027486348220526972,0.9970331835171939
745,31,0.6027921076809074,0.04256661980550376,0.9662712450877272,2.0783172165832083e-06,loglog,0.03223918730947569,0.021665594576949238,0.0025124886562310433,sub-diffusion,0.2766043091797664,0.8920331361043429,9,0.5868479075853553,0.06295981003713925,0.9494639427095168
748,28,0.6155158659399768,0.05949250258914537,0.9469223611689247,4.7689672455934236e-05,loglog,0.015665596558197548,0.014298164557922842,0.0007844292843895691,sub-diffusion,0.19983343646246543,0.9736256645457264,8,0.5920030877494695,0.06977427146214925,0.9465405576492794
762,10,0.6648675697201352,0.20313296858913035,0.8426802211610348,0.08202384499321837,loglog,0.04502592595119663,0.05611228575355067,0.011292161551512091,sub-diffusion,0.23988989472606045,0.9250720582744326,4,0.7932738099778497,0.2054700326824616,0.908717601672263
769,11,0.5948237772390066,0.2670726388563493,0.7126607327983508,0.15580764466956298,loglog,0.0684745675101461,0.054473125412883815,0.04033245023686102,sub-diffusion,0.21451149617970627,0.4770049998886906,4,0.4290208924266275,0.299647245315905,0.5856308181504815
793,86,0.885222940697532,0.01360033599029931,0.9946002907882974,1.3794239549569803e-27,loglog,0.006092844445607986,0.006462898163560253,0.00015022359404493217,sub-diffusion,0.1581465699557482,0.9951609782404025,25,0.8540834034900184,0.024641744227539387,0.9905043267512389
837,24,0.4311944264048074,0.03431997279895271,0.9692974349188601,5.6707156663541383e-05,loglog,0.012690596382159188,0.012335042397677257,0.0012156319132205435,sub-diffusion,0.16952717137082526,0.9363416629340149,7,0.4197286558620988,0.041862447204425925,0.9632085445728549
858,10,0.8005989845171855,0.20737676925034357,0.8816864943658002,0.06101837378689879,loglog,0.12727757389992306,0.12978128734395028,0.05258200581558704,normal,0.3246119327061163,0.7528380141704643,4,0.723637714335501,0.33875122794034,0.772994962324498
870,14,0.9838897640046785,0.08896560499704978,0.9839107029968038,0.008077269644049425,loglog,0.10480851062339752,0.08301112814822896,0.010531507767562166,normal,0.23453252096718818,0.953937280183273,4,0.868945058172939,0.10914969799551359,0.9806026247292081
899,13,0.5540031359110487,0.25918744584768555,0.6955276432264625,0.16601700063702585,loglog,0.047267432787002864,0.06327733935836628,0.026948589808727465,sub-diffusion,0.22064251312851824,0.7338110952854269,4,0.7283581546782559,0.37183522814918984,0.7009233408818674
943,12,0.84890921254856,0.07641008136891642,0.9840548672090635,0.00800460323191843,loglog,0.048920835423681246,0.05050242613217748,0.007111872350794053,sub-diffusion,0.23781802127525548,0.9618511629003915,4,0.8118548781411032,0.12702253588019272,0.9684906608976124
953,30,0.4076506479961731,0.10309810216856881,0.6907331322060639,0.0055037049367768955,loglog,0.015084552421573078,0.00812618045029823,0.002355216462144001,sub-diffusion,0.17501292101115737,0.5694707566840597,9,0.29675423247509375,0.11860681806383669,0.5570561831426832
1024,14,1.1937229961341127,0.03834332436255598,0.9979407590644334,0.0010301510734003207,loglog,0.2441782092458871,0.2152943847576627,0.001347924925036838,super-diffusion,0.5117227006239805,0.9998824192762948,4,1.140329384078843,0.03721045568537895,0.9988091881224958
1053,16,0.6666361504734267,0.12715340519415408,0.9321726833379915,0.03450909722670536,loglog,0.010496704776589908,0.006327989829331404,0.0016638334237714322,sub-diffusion,0.10028589808447336,0.783371376970183,4,0.5655878191740191,0.14126915084809527,0.9166351153271686
1079,16,1.3957830277309184,0.010605401958136628,0.9998845488419227,5.772724525610062e-05,loglog,0.2025714563525853,0.2074249829570844,0.015972318097618537,super-diffusion,0.4220213663040929,0.9768317333992358,4,1.4064954614714413,0.01122979890937093,0.9999364250567541
1105,18,1.2678016282596505,0.033600404249186526,0.9978972218154507,4.094993794661741e-05,loglog,0.07393335447005464,0.08069473057139949,0.006521836154018724,super-diffusion,0.3439204329806245,0.9683727107399547,5,1.2144291279490307,0.08510521854896301,0.9925571348874858
1193,21,0.981873525495295,0.02816155772396305,0.9967202892972891,4.0381062901669655e-06,loglog,0.006633823655034533,0.005983870493378453,0.00041697790523299687,normal,0.08200929218519408,0.9716899456728808,6,1.0502256410688977,0.03964105511455851,0.9968298156537775
1225,12,0.48051245607440213,0.052634037681473685,0.9765655129010246,0.0117867067778209,loglog,0.05662964147488259,0.05848452877779839,0.009531507941921862,sub-diffusion,0.2579823830178232,0.9495579515452589,4,0.47757584749451787,0.0682737522119458,0.9676376890490993
1287,20,1.1987543346909362,0.02055574183477306,0.9988252230403338,5.177406372317927e-07,loglog,0.1394410541204429,0.1556827006745904,0.007319428091443972,super-diffusion,0.44424354946708,0.9869111088307033,6,1.2678991352576627,0.03975129345712586,0.9980329221303057
1317,10,0.7394587660377689,0.09772047319730556,0.9662508316356656,0.017019414415693764,loglog,0.08613828924136437,0.09158958388814568,0.017809136492746132,sub-diffusion,0.22668958087014246,0.9296983357538349,4,0.7144222224007083,0.15014428662273652,0.9414263887311076
1384,11,0.6152778728953051,0.02272013615310208,0.9972802656509326,0.0013607930534007549,loglog,0.01569297912265156,0.016625073460463873,0.0016248977432551934,sub-diffusion,0.13977505526918588,0.9812528239944494,4,0.5974806636320331,0.029462496046139347,0.9963151418128599
1400,14,0.7665352862216646,0.2584974907044998,0.8146997731650811,0.0973927913177952,loglog,0.057987268929129886,0.03015223801195937,0.017270233880465627,normal,0.2455556219812773,0.5039842078646353,4,0.5485143522226736,0.2784487835853429,0.7382457605417831
1410,11,0.4045729189079411,0.10818394760274284,0.8748840881813502,0.06464761283174658,loglog,0.04037907507374702,0.034456378754386924,0.014790242410837968,sub-diffusion,0.19338321078971474,0.7307253549854993,4,0.35698988627762385,0.12547051736969267,0.8314197530962594
1412,81,0.8835814866132222,0.009131907063874407,0.9976555926572468,1.9798223360846562e-30,loglog,0.004673802323933077,0.004433743170233271,7.057901008576817e-05,sub-diffusion,0.10778447401322436,0.9977245710664314,24,0.8468289347624492,0.023912296792705463,0.9913973581986159
1416,11,0.962094533310498,0.05461572528590991,0.993596169605942,0.0032070578069174354,loglog,0.10758413814699197,0.10451399131990848,0.009162433855008418,normal,0.24816924533867726,0.9848616651565599,4,0.8940994667755138,0.08631337504090743,0.9884006626022612
1468,17,0.9338908290660894,0.04575615368306837,0.9928499076149186,0.0002571523497494682,loglog,0.01845768605214432,0.01973795803715221,0.0007454422157437317,normal,0.1522170904485979,0.994326992531795,5,0.9845523687345665,0.07282794751372478,0.9902042793385365
1475,10,1.2676186072693687,0.051880598151800524,0.9966610476684296,0.0016708720725265853,loglog,0.1819642274356792,0.16438088294962303,0.014057801543741118,super-diffusion,0.2734932313248717,0.9855836381275239,4,1.3757433615428485,0.075056638562903,0.9969059607616787
1545,12,0.9279808107645195,0.20467861022096956,0.9113307663031643,0.04536354233500782,loglog,0.016352907807744566,0.019399753548647397,0.0030229824574099545,normal,0.11319906553672984,0.9536858119466053,4,1.1544171944352555,0.20813071055955593,0.9614604995147272
1546,12,0.8399510360607328,0.027051140188111885,0.9979298908892478,0.001035590779507434,loglog,0.0788854325426481,0.08572700938681174,0.002253509055818453,sub-diffusion,0.27389773494210645,0.9986198905620595,4,0.8716237180838343,0.04191990765426445,0.9968998705767993
1603,10,0.8507793060580764,0.020657993431852404,0.9988222296159137,0.0005890586871115655,loglog,0.08777513573967084,0.09325068839222703,0.002891750027448973,sub-diffusion,0.2685570419023862,0.9980803902437143,4,0.8578228613935841,0.033004295063301846,0.9980225996221554
1745,31,0.7807861922200148,0.04947824404905658,0.9726584756713756,9.942215031300906e-07,loglog,0.004573675710254601,0.003645054745931714,0.0002909589471050601,sub-diffusion,0.09541052236802278,0.9457648313326864,9,0.7022003800487702,0.06633346014182556,0.9648151159674411
1751,10,0.402807324635819,0.22231061972594027,0.621429070297099,0.21169227436419277,loglog,0.08272501673745646,0.05823176200741145,0.05325854831529551,sub-diffusion,0.376907899156809,0.3741153561477898,4,0.3059168792364948,0.23952395152216027,0.5080362756665758
1757,18,0.7449344056880229,0.08583443872384823,0.9616958292910746,0.0032190217199323987,loglog,0.06061618686038896,0.04184624909320321,0.009263915535672197,sub-diffusion,0.26733896696513965,0.8031837304558938,5,0.7421949210159062,0.10655366265970963,0.9604730366015755
1823,23,0.9179252344107544,0.05270126531144463,0.9869863653182547,6.37855321628352e-05,loglog,0.007082645772209152,0.008072398887834143,0.0003768755584536987,normal,0.10722299184956506,0.9870908032435418,6,1.0051550339054485,0.1066081275951199,0.9743676196087988
1828,14,0.961469829399026,0.05947671239567801,0.9924047613787403,0.0038048577820004583,loglog,0.1044299010188821,0.0955696006700851,0.006639912702359037,normal,0.26717163269027716,0.985725448472072,4,0.8912592677443483,0.09793210370730579,0.9850304893091685
1873,14,1.174746092328048,0.009272933855446598,0.9998753988116132,6.230253499628359e-05,loglog,0.1875237193973268,0.16233483030500206,0.005541094729025729,super-diffusion,0.3068859328735909,0.9965168379429868,4,1.171588021836004,0.012918775597198109,0.9998639439134703
1922,10,1.0921254501909463,0.05158076686610719,0.9955585239500913,0.0022232093548721905,loglog,0.07206967087211101,0.06827849903014206,0.0043138223756610606,normal,0.18816844303973773,0.99207985417138,4,1.0652088519992065,0.09222076070763563,0.9913404856399205
1980,11,1.0297472661749023,0.058012194245991924,0.9936924705862658,0.0031587535689217012,loglog,0.0686571336333496,0.06634078985916285,0.00552861877007849,normal,0.22064594051328437,0.9863003493414901,4,0.9871253057191175,0.10551529943933806,0.9863931877512042
2108,20,0.48982671295051994,0.06653734338146992,0.9312648058287484,0.0018139354344224403,loglog,0.0190794475464703,0.013052014028909839,0.0019704068555993367,sub-diffusion,0.16717888999855854,0.8797056117185476,6,0.4594949104579562,0.06843218545927139,0.9367662384245141
2114,11,0.842327781125536,0.06584941798981742,0.9879247674985463,0.006055953537350111,loglog,0.005134348567108069,0.005708780854181218,0.0002864878076039223,sub-diffusion,0.07991917333393848,0.9949884333929148,4,0.9023380517778666,0.0676089700410404,0.9925608960815924
2177,40,1.2101481926844193,0.04546223078360872,0.9860832459678854,1.2921829855774078e-10,loglog,0.061745938403568096,0.06200995065545191,0.001792285472824311,super-diffusion,0.2809810928018023,0.9925375557918247,12,0.9635739489643275,0.0593132945426595,0.9822828146353215
2208,75,0.9900334051140087,0.02703015765445043,0.9853107148445518,8.297070872121936e-20,loglog,0.003928419230692411,0.0036367108139544724,9.148469250131881e-05,normal,0.12685097202482531,0.9943368853393455,22,1.135304230720881,0.013816215917307478,0.9986349897213008
2249,13,1.1398013331411283,0.07023920632941104,0.992462196033974,0.0037760311887823357,loglog,0.06692426912500729,0.06626928427704114,0.005812812152378306,super-diffusion,0.25685331982917076,0.9848453446737503,4,1.2684952051908829,0.0934654850723092,0.9940018173729613
2292,14,0.7160836128046077,0.17158817435191243,0.8969930963326984,0.052902805234489966,loglog,0.005398326868615271,0.006826854726064289,0.000824345420541118,sub-diffusion,0.0896363542780767,0.9580911983624658,4,0.9257093077121604,0.23956274049659088,0.9114213577528026
2312,41,0.7737126761592716,0.044624750246830915,0.967805602319827,8.628016603814798e-09,loglog,0.008773931125101903,0.008384493664361206,0.00039077114757525956,sub-diffusion,0.16926559439557365,0.9808254335210805,12,0.9446055632606559,0.06166597076475517,0.9767927156163235
2393,10,0.3577782366745722,0.11836463603773924,0.820411734949397,0.09423417212317121,loglog,0.024516375353572987,0.01917383756949373,0.009826015189985665,sub-diffusion,0.16761057866435625,0.6556298569810024,4,0.30956093926322786,0.12813112133216076,0.7776609052273118
2488,36,0.6685727025974482,0.04830049557751634,0.9599197159222858,7.172414366084503e-07,loglog,0.007939768761223273,0.005153494495754006,0.0007525755875980532,sub-diffusion,0.11644952908983296,0.8389766056979904,10,0.5613046362144145,0.058070454736034796,0.9496923723294596
2528,25,1.4329561769375576,0.03384926417171069,0.9972177723589102,1.3876902213687932e-07,loglog,0.2156118218017894,0.26782389834823644,0.021854539965698434,super-diffusion,0.7388282912289527,0.9554653877634948,7,1.5504585629119252,0.0268532979236788,0.9993407960883957
2652,10,0.3016547637596018,0.07727937328202115,0.8839690467653774,0.0598037190217261,loglog,0.026424881220631698,0.020041266332517245,0.008042077779865117,sub-diffusion,0.19171440849691015,0.756404052864706,4,0.274882815748262,0.08208723118032031,0.8658165623185003
2654,10,1.0684788375519536,0.10759243204925502,0.9801233885666726,0.009988187663059978,loglog,0.14400985549243955,0.12769471404379365,0.018825487101273394,normal,0.2314315799520033,0.958342106371775,4,0.9227600379599338,0.16776282849285143,0.9618551220148782
2690,10,1.2663416830603262,0.031214966410896185,0.9987862576853312,0.0006070554154731234,loglog,0.18542211461852412,0.1562503215318147,0.0014868550654745505,super-diffusion,0.30576153387088983,0.9998189298810397,4,1.2091310019874844,0.039560080204802874,0.9988472088390921
2723,10,0.7189273944493051,0.08067788400337612,0.975432213857866,0.012360281348574918,loglog,0.09199717183697613,0.09795309306608527,0.013207451921111548,sub-diffusion,0.29323151504031514,0.9649150527177595,4,0.7006900802312909,0.1024876701347104,0.9699705157599928
2747,18,0.7959234034338186,0.008162706164472563,0.9996845648996736,2.3779077028989856e-06,loglog,0.003574906140196676,0.003166488366223925,0.00018766097946569502,sub-diffusion,0.057838326328281904,0.9827415615696993,5,0.7942105268612762,0.01490981574737337,0.9993107693520978
2774,16,0.5035733741506477,0.14032208644989916,0.8655800357811722,0.06963446120292471,loglog,0.053877921753148574,0.09000955422127212,0.014767519293595552,sub-diffusion,0.36297406516301967,0.9027953258475592,4,0.4589861384969111,0.15877039741290924,0.839143822253231
2925,16,0.6682454336587915,0.18086095573390246,0.872217229383091,0.06607429129341824,loglog,0.029639561818256086,0.03066220458579605,0.004268560717102299,sub-diffusion,0.16489247258166137,0.9280566546504091,4,0.5293007195477859,0.2009331539986313,0.8279054900613534
3020,21,0.6111788608690948,0.06880849062930224,0.9517465133993562,0.0008875876904307071,loglog,0.0537867150388748,0.03598743268616953,0.006417230609911754,sub-diffusion,0.24972547392233002,0.8397819782374593,6,0.5282085530608922,0.09740652905742016,0.9141869280274822
3032,13,1.406783389487105,0.03191145292750309,0.9989719316855797,0.000514166340723099,loglog,0.31136817331924543,0.24033688788320792,0.008676395079673835,super-diffusion,0.4725576570797561,0.9974002162300185,4,1.3565805521161214,0.02855371876469162,0.9995534061601529
3097,10,0.5308057751292267,0.2686197840345829,0.6612906989551454,0.18680217723167422,loglog,0.028878833886184146,0.03833979546743226,0.011795448846704835,sub-diffusion,0.19932264062198085,0.8408280439786832,4,0.6982622399777346,0.2722373791625551,0.796457868242625
3102,18,1.3142366935313563,0.026845917553973676,0.9987497775952738,1.8768637574834447e-05,loglog,0.19277042173619596,0.18335736453437568,0.005494965646309909,super-diffusion,0.37454982357310146,0.9955294868772037,5,1.3707795526815378,0.0213018849391458,0.9996451817830474
3124,14,0.7140342776151295,0.016452724129321722,0.998939265754935,0.0005305078418176291,loglog,0.016484119569765664,0.01899780933235634,0.0006066044876723124,sub-diffusion,0.11859815001319005,0.9969507072990784,4,0.7252558272987757,0.025779706341542124,0.9981739167257969
3135,13,0.9956641691125975,0.10582318721143404,0.9779065634052939,0.011108416758796591,loglog,0.016758281459020613,0.015425020332124097,0.0017113846411444457,normal,0.10225580003526379,0.9759723545438629,4,0.8771549183260158,0.10749246398907043,0.9815213441992615
3195,15,0.5280148220528469,0.11507476774563039,0.9132466836494337,0.04436058910830088,loglog,0.011031642706955605,0.012861544326215555,0.0009928536943906506,sub-diffusion,0.13618337166224811,0.9824365414571526,4,0.5927979282970679,0.11764823714648422,0.9394341838199767
3216,12,1.2613723389496585,0.06733345261879191,0.9943332102094475,0.0028374203724612643,loglog,0.42773654360933644,0.39312653147319043,0.03983828682869901,super-diffusion,0.5121421317934818,0.9798749382012356,4,1.4057055427983778,0.10370034796139117,0.9943762666773966
3238,10,0.7954073928151267,0.1027673773665632,0.9676928370209456,0.016286201671977363,loglog,0.0843896684782085,0.08193617351474192,0.01609998349616304,sub-diffusion,0.29091753296389733,0.9283155199298416,4,0.6931906300535692,0.12935420116035798,0.9544069448905664
3239,10,0.5890425507793976,0.14368193188202794,0.8936563587447376,0.05466600677605083,loglog,0.05837169966054213,0.05516269256376501,0.018279972316521304,sub-diffusion,0.20641714464937372,0.8199213144844522,4,0.5046497185778098,0.15424767997415054,0.875602196238482
3273,11,1.2514860828825443,0.03482673080812192,0.9984535665409972,0.0007735158929197405,loglog,0.08403357407286736,0.07197520032298466,0.002518208172210123,super-diffusion,0.2563899125746117,0.9975577756668292,4,1.2022328344679392,0.06978791324380908,0.9963730537482025
3301,11,0.6749307127303888,0.21455503747986174,0.8318702273076087,0.08793079905765445,loglog,0.03644187889984522,0.04434710176629753,0.010536509721192225,sub-diffusion,0.19329141975954653,0.8985535155433483,4,0.7736161737392948,0.22683146767101792,0.8872039057700731
3310,10,0.7936772532936861,0.1354579852320549,0.9449496576844443,0.027914788876795882,loglog,0.11729914950747317,0.14351647392772984,0.02212400889429002,sub-diffusion,0.33788361598775474,0.9546279617742404,4,0.9726686263919554,0.19060822352343515,0.9499055770427078
3378,21,0.8388891471473409,0.07986975702916937,0.9650097327474663,0.00046458237455507663,loglog,0.010451156519599382,0.010702361778268953,0.0004116465877759739,sub-diffusion,0.126534348372093,0.9912016135307056,6,0.9301422602781287,0.07256345446800258,0.9856453183537816
3387,11,0.9381804752212576,0.17465599929153952,0.9351785463889217,0.03295369997661345,loglog,0.20218158997122165,0.17632737731496875,0.04487965446400675,normal,0.38519393730869067,0.8852961293721406,4,0.7415543167564386,0.20205872092376911,0.9128238199195543
3390,21,0.8509479804809712,0.036103936152187474,0.9928509697163461,1.9211594437930204e-05,loglog,0.010383781613824986,0.011337034283879763,0.0006665443797049878,sub-diffusion,0.13294265307664313,0.9796813255467303,6,0.8148543218664931,0.04819972239806955,0.9915914800786518
3460,13,0.7063961364962985,0.09799676646882671,0.9629358362207675,0.01870705891626456,loglog,0.03194366684174893,0.03193602551210168,0.007497764486934092,sub-diffusion,0.15427939610073316,0.9007076711448174,4,0.6318191728607266,0.1416274475007652,0.9329951547289521
3521,14,0.6336581782434407,0.08506706350637495,0.9652092133780524,0.017549383745904312,loglog,0.012376507599223431,0.011862543734571903,0.001750128370727934,sub-diffusion,0.12225954213058292,0.9387037392353494,4,0.5995330668534361,0.12772739609116743,0.9366228921541349
3563,17,0.9850013980521263,0.05424765480165192,0.9909827195313808,0.0003644023628986409,loglog,0.02123427426611616,0.023057364564299895,0.0011241995921762382,normal,0.14472985903351696,0.9905807243453609,5,1.0420464830490228,0.08983577136781698,0.9872137110705949
3570,32,1.1200769841287044,0.0318428953959424,0.9943742907744468,3.894977312365995e-09,loglog,0.02679990120315436,0.025717846934827582,0.0004573446841599412,super-diffusion,0.25085372587114885,0.9971619103655911,9,1.00404058118994,0.040213842846833214,0.9943948789988137
3580,12,0.5587952531258356,0.1463961473301299,0.8792966574610946,0.06229180580465508,loglog,0.009567316309598537,0.008653523743103663,0.0034635524908261887,sub-diffusion,0.08518643177874352,0.7573483439087914,4,0.46412211388951174,0.1640177974604395,0.8404387313441413
3604,28,0.7241006000510417,0.028638168074281007,0.9907020551321329,2.520757269787657e-07,loglog,0.012441625261580762,0.012786085928197324,0.00043355709524914575,sub-diffusion,0.1535641224359542,0.9897579029631218,8,0.777402352969356,0.032098891447573594,0.9937390108909538
3608,19,0.5067841943431486,0.05594885029491011,0.9647254720881501,0.0028421064321001977,loglog,0.007614449001801491,0.011162766262131687,0.0011153078228947053,sub-diffusion,0.1332967702634221,0.9524596470295796,5,0.5509022620005719,0.055178677485024336,0.9768581861905675
3648,10,0.46867559476753134,0.12010602535151713,0.8839033501736132,0.05983865737118654,loglog,0.00813741042006451,0.0077471490489975,0.003153470162140951,sub-diffusion,0.08231824737711614,0.7511015068805723,4,0.4318995079595599,0.1637536379208956,0.8126467335654208
3658,12,0.75949328966344,0.08877228407572496,0.9734031830671893,0.013388028114806768,loglog,0.005946611283814158,0.005989353565382181,0.0008908794039972792,sub-diffusion,0.07698110719935654,0.9576255898399775,4,0.6919133164672938,0.09362735679009818,0.9748518427181799
3663,14,0.8292082723188527,0.1071461274772754,0.9676860403723786,0.016289656264417144,loglog,0.017129793857397276,0.018516665668947944,0.0015552708639913655,sub-diffusion,0.14304850887302586,0.9792741630110896,4,0.8430842383815659,0.14650603516549132,0.9611250268463133
3675,12,1.4358844008584128,0.08560285546938626,0.9929418423183328,0.0035353281132678425,loglog,0.2064375628848553,0.16968294246266621,0.01855465300097144,super-diffusion,0.3622945469507129,0.9766441520377904,4,1.5975077256664585,0.07903062448475451,0.9976937426424929
3696,11,0.9633054087450555,0.25623215321870774,0.8760370945812078,0.06403146709880904,loglog,0.134284979022229,0.17089894554243834,0.041011733574909476,normal,0.33865864931672185,0.8967182700714336,4,1.4473905964831422,0.36239178224511615,0.9321285708850029
3743,24,0.9829136034437691,0.014941164662820078,0.9988459974973892,1.5366494432550588e-08,loglog,0.04934549044208615,0.05821205429169662,0.0029154114337649854,normal,0.31593566748254226,0.982745088323832,7,1.0169986958242305,0.03452249514581408,0.9968638919408007
3775,21,0.8632075810275704,0.08020404828105082,0.9666206297495249,0.0004225564995501268,loglog,0.042869505369363965,0.0333181081167405,0.0029316648572836525,sub-diffusion,0.23446167314561334,0.9556085558186715,6,0.7223201286105884,0.08161213859866596,0.9696039209879642
3875,10,1.5469797997995767,0.05440778481201299,0.997532201349168,0.0012346615199504416,loglog,0.40691426051110907,0.30368891005940907,0.036436834927557206,super-diffusion,0.40936374879038817,0.9720149331453208,4,1.6947268423432078,0.09731129955406499,0.9970154158438159
3887,11,0.6515072623354308,0.041997748921024466,0.9917576875337303,0.004129683375525883,loglog,0.09090850938779792,0.1017337091810008,0.006630716085154452,sub-diffusion,0.3340002089111038,0.9915754470418164,4,0.6760709992778838,0.06347825755643989,0.9868949876284699
3919,14,1.1918606548347068,0.1290618561154033,0.9770856533434251,0.011523569657108549,loglog,0.13869936013371295,0.10396897194304455,0.009015704230799811,super-diffusion,0.2963987811323352,0.9779390338569716,4,0.9926354127767525,0.1569492815876855,0.9721362671640952
3926,18,1.2920822740142424,0.01936569732043377,0.9993265356413297,7.419054415186743e-06,loglog,0.0572810125588588,0.06369905038940314,0.005146640801966162,super-diffusion,0.2938151226657884,0.9683915769281658,5,1.2851737462076827,0.023119525617320568,0.9995115468240664
3969,61,0.7020431975025467,0.01807064527484291,0.9895103744581238,2.8920971684292316e-17,loglog,0.007754685710786017,0.005944797515806631,0.00023873443044721373,sub-diffusion,0.17943224441853525,0.9856932732305945,18,0.7937215540217177,0.02622983061744742,0.9903233291823355
3985,23,0.9511632179818824,0.08520671872640709,0.9688988797566467,0.0003665574975524286,loglog,0.006400667324662026,0.006103718970330762,0.00039081881437633245,normal,0.07928799363284092,0.9759918145165644,6,1.049335283586985,0.08431128782806888,0.9858298793709427
4014,19,0.6894705983480087,0.17245439649804542,0.8419714180423155,0.028045361634648717,loglog,0.030961343844112938,0.018123821040230855,0.005236630225340854,sub-diffusion,0.21955222225045748,0.705506695716551,5,0.5088338333767084,0.20190158528177446,0.7576728582475577
4049,26,1.1261453975220688,0.05010003941274771,0.9902010265910005,3.23859195332714e-06,loglog,0.0782367365658616,0.060929515987134385,0.0035709290559515897,super-diffusion,0.3466205404627381,0.9732561373193032,7,0.9863112826321,0.084538792154291,0.981391521509793
4070,11,0.8174137372942781,0.0749378504885296,0.9834686202591161,0.00830013599924495,loglog,0.08186975631696065,0.09343651200217919,0.008990315068010844,sub-diffusion,0.2131638130024706,0.9818206324448069,4,0.9066180104105314,0.11895257744848192,0.9770963187112156
4145,59,1.0094196311377082,0.0091513013332905,0.9987686588774328,3.053060834462847e-23,loglog,0.005143037855567714,0.005298485222057677,4.89762349499299e-05,normal,0.16756908781092275,0.9992316200322289,17,0.9580660034414038,0.022458183439046868,0.9960366724955584
4178,16,0.6172819623823368,0.09612616766305543,0.9537430020988914,0.023402333558547043,loglog,0.04729138526725681,0.04028138782595167,0.006128986896269924,sub-diffusion,0.22555689648449986,0.9152448989086194,4,0.5616007534724982,0.1031620614442253,0.9514355020692794
4195,10,0.8282267019601284,0.16783289682738178,0.9241059890197137,0.03869568344893314,loglog,0.08900686435601983,0.08044088070728553,0.023680893107799115,sub-diffusion,0.26727495020925507,0.8522755056771755,4,0.662996596509212,0.1974016857029855,0.8933291534948931
4286,57,1.0142966603454855,0.03805308537760325,0.9793239583521922,4.749697166296142e-14,loglog,0.006613460271912204,0.007099491652697656,0.00035541604334319134,normal,0.139317533658905,0.9779415537355519,17,1.0872039730479723,0.04101477486685958,0.9901844382248871
4317,16,1.0338661823479431,0.06372199751963718,0.9924596249694632,0.0037773215944825176,loglog,0.17604187661138848,0.20574607176103793,0.011171763583404437,normal,0.535739303431599,0.988344028852362,4,1.030802701383745,0.09892515790814305,0.9890928937473141
4323,10,1.3173922412529389,0.04233969146225693,0.9979384260567215,0.0010313187808531632,loglog,0.12924790932914457,0.10561762987360697,0.004272364727523919,super-diffusion,0.22474172069342216,0.9967380685960036,4,1.2505997821498154,0.08601953340131352,0.9950628322979275
4383,21,0.7162889051882522,0.06720553120322824,0.9659854928003513,0.000438885614359133,loglog,0.0025841494067118595,0.0027755193275831227,0.00014552478200318715,sub-diffusion,0.054513988416712796,0.9837732452270131,6,0.8570047324526976,0.11018358198757955,0.9582959516679294
4400,18,0.6346430641387236,0.07523583747628489,0.959544567477221,0.0034963039055383406,loglog,0.005595653015296457,0.005802388604683207,0.0004973187926456308,sub-diffusion,0.09120498921598956,0.9645708868972519,5,0.5563136893928878,0.07910077758160336,0.958538996227387
4475,17,0.26527973079122635,0.07904046245485769,0.789686642891007,0.04385496499912336,loglog,0.008599670262832206,0.0011124968419400929,0.0031970423076427,sub-diffusion,0.11146003490295465,0.029382530270680718,5,0.2660630812614683,0.09063077441425987,0.7642660149854805
4554,12,0.3972089527526869,0.07352154116346682,0.935873395526044,0.0325945030515673,loglog,0.04055663023095679,0.0432903070231068,0.00568109463272754,sub-diffusion,0.23847546709555792,0.9667029506431166,4,0.43403780532903397,0.09218633054441205,0.9263857545828279
4577,11,0.22968677873950888,0.11949805831427891,0.6487810946139129,0.19453051292186557,loglog,0.003906546099255223,0.0024361679833634665,0.0019125422835927523,sub-diffusion,0.08470089531740596,0.4478994543101976,4,0.21156443174500406,0.1380000529785978,0.5705819299154521
4678,10,0.36011847704862965,0.16890041800710504,0.6944698708339426,0.1666514109726094,loglog,0.024004808261368867,0.026181062289320003,0.010953003729828856,sub-diffusion,0.1831614410409573,0.7407169053438305,4,0.4138795593783705,0.20748570948955897,0.6870222592298647
4742,22,0.7958894878239549,0.024154207598003612,0.9963293500725106,5.058821520789067e-06,loglog,0.0114431060486928,0.009666115906290887,0.0007192357100870154,sub-diffusion,0.12906706264260503,0.9678487941110765,6,0.7689371302965711,0.041700061474834516,0.9926958462579284
4743,45,0.7731251290624132,0.048242646873272094,0.9589284071655579,5.6695839381035325e-09,loglog,0.02010391375666814,0.016819801805275033,0.00165053854819106,sub-diffusion,0.1965790966436523,0.9202453959330732,13,0.6009500830579158,0.051786875630802316,0.9554190907424597
4790,39,0.5491860238723034,0.04401277740734425,0.9453543335715868,5.517277323744015e-07,loglog,0.009129886863386158,0.0075425372906347725,0.0006726136367171472,sub-diffusion,0.17301683818398908,0.933209017423018,11,0.6289773894955146,0.07703142821734027,0.917613102507993
4853,11,1.1798438309356216,0.09137306539813937,0.988146713977651,0.0059443104243852565,loglog,0.14279254146000173,0.13993568628651237,0.01822500427597422,super-diffusion,0.32003284125753706,0.9671889848229734,4,1.358656154803378,0.17368533008321796,0.9826061452455838
4939,13,0.687479256874794,0.05138762836632325,0.9889489933560296,0.00554085385269365,loglog,0.09226511734665432,0.09584195187264816,0.013489386999276442,sub-diffusion,0.29840114867396245,0.9618908791439954,4,0.6465391337313321,0.07361852612577068,0.9814816721831303
4947,10,0.9119390537898988,0.0966684050252684,0.9780206177272158,0.011050750681706687,loglog,0.22352824235416616,0.2124383770854525,0.02774053796357816,normal,0.3804380752177693,0.967021571788689,4,0.8037027927982169,0.10442030768438797,0.9784919083933583
4981,10,0.29842093856471974,0.08667602862680551,0.8556361244689819,0.0749939867930686,loglog,0.027612721806512,0.020835882755473684,0.009679151363191911,sub-diffusion,0.17237044332924392,0.6985194844078497,4,0.27357462403934113,0.10029022989978377,0.8109941124079124
4984,11,0.9863203771798906,0.08539718758432703,0.98522871821132,0.007413118053981149,loglog,0.028959106802545275,0.027014851604008697,0.0033059962674094967,normal,0.13011016063714945,0.970918785964309,4,0.8753933819690959,0.12003848224094352,0.9770579830232796
4985,52,0.6131699558942086,0.011205171025063885,0.9956774773218003,9.326788182926828e-17,loglog,0.002145816657206267,0.0016957459449116123,7.380517812263547e-05,sub-diffusion,0.09028447011462544,0.9832369594654223,15,0.6167077448890632,0.015932986772307135,0.9947366779677127
5009,12,1.590878260204359,0.08293107773511973,0.994594488837962,0.002706417930025017,loglog,0.6341818380228977,0.4565457040094063,0.04747494245190725,super-diffusion,0.5417863278667222,0.9788311083594788,4,1.6828412709826532,0.08213029174812189,0.997880987465467
5083,10,0.6718796344394248,0.14901737901235174,0.9104290859374288,0.04583592294751071,loglog,0.11889994378982609,0.13391355574891892,0.033348149823979545,sub-diffusion,0.4076021302586653,0.8896564995179962,4,0.6997824918208804,0.20860571838706618,0.8826060219453133
5094,10,1.5467586637182664,0.14224560734947034,0.983366711826226,0.008351518013451466,loglog,0.4767893350226158,0.372794844551945,0.05152310092422987,super-diffusion,0.48269124131096713,0.9632030328495015,4,1.796590827397827,0.11696011987124234,0.9962955951453667
5095,15,0.6809651258082816,0.054687127383693086,0.9872654264902097,0.006387688034105719,loglog,0.08346667840873422,0.06358042008428869,0.014806350068300791,sub-diffusion,0.25678059173408513,0.8600718125102306,4,0.6453142112203456,0.05803746164785155,0.9882573265090038
5114,10,0.9496979321003115,0.12755905767594397,0.9651752666472678,0.017566660456157072,loglog,0.12480212190436968,0.11489660282593592,0.017224156768719544,normal,0.2927877471062605,0.9569872063223754,4,0.8162511663415225,0.13054154386221484,0.9681806639673101
5217,16,0.5941305593550128,0.09922877260487474,0.9471597704038429,0.026778663199453445,loglog,0.030136378994749618,0.03135055784478328,0.003125364179860628,sub-diffusion,0.1904615703618937,0.961766812475744,4,0.522863848627798,0.1138430052783786,0.93306760318027
5312,11,0.6664908429791445,0.10784305264457861,0.9502422968554602,0.02519627777923406,loglog,0.0024885329491071534,0.002954577329936144,0.00029088672693834076,sub-diffusion,0.057254220216173594,0.9809827172581002,4,0.7478259149929966,0.11158629441221572,0.9677939287924073
5330,16,1.0483258800289086,0.11766523299322053,0.9754231202519926,0.01236488506534328,loglog,0.11570358912496707,0.11711611661781157,0.007568665122216277,normal,0.3176704383692854,0.9835687763876338,4,1.2409577504289797,0.14131725755643296,0.9852267730649581
5422,17,0.7655869645310092,0.06751898844639759,0.9771983244200739,0.0014714186872248913,loglog,0.025944492954565385,0.02699037145903891,0.0013316380189355617,sub-diffusion,0.1747008958711628,0.9903571264783176,5,0.8051349330332976,0.06704569586932606,0.9864725896150881
5498,13,1.265808552401135,0.03402901643929245,0.9985566706109843,0.0007219252825646506,loglog,0.2528100975847111,0.22169619802817228,0.014934715026432413,super-diffusion,0.4815086077018593,0.9910053684956835,4,1.3050624745190442,0.06898233067101985,0.9970408870052834
5543,16,1.0358411100630853,0.2311880044213839,0.9093998000319407,0.046375440735747064,loglog,0.07894161159947143,0.017806793104458388,0.01620859731865506,normal,0.2032403389596597,0.23179238449638573,4,0.7592230018688163,0.2757468023154818,0.8598850720275135
5665,17,0.6682287189860382,0.15824129981597534,0.8559937735673202,0.024280545555556882,loglog,0.027363218108306338,0.018877737168979468,0.005498060805491185,sub-diffusion,0.1972346925996341,0.7466607281002635,5,0.49973177984198974,0.16695630553808505,0.8121474466304359
5685,23,0.9637429796032854,0.07902675134125524,0.9738085596438534,0.00025952639578770176,loglog,0.019673142555732305,0.016678924400437306,0.0008675526652225971,normal,0.17152620505768107,0.9840260097545378,6,0.8106752606409053,0.07166903813561287,0.9820209463416674
5691,12,0.6122871750407083,0.017859452359557795,0.998301296504789,0.0008497127534872197,loglog,0.0433638443812735,0.04636216774052481,0.003610625240526004,sub-diffusion,0.18763498946676946,0.9880151946217843,4,0.6016995830716286,0.018808476298437703,0.9985092666768075
5870,18,0.6674953146461563,0.16333981511849077,0.8477145032513644,0.026478539005956876,loglog,0.01153997220386001,0.017771317502522428,0.001526896230883836,sub-diffusion,0.13655532520566327,0.9644034062947735,5,0.8915478393200768,0.18448747104307628,0.9167155465772985
5884,19,0.20438115150727257,0.05839182759791674,0.8032937729256611,0.03947628546630429,loglog,0.01336323785606605,0.013619347767321155,0.0022532966013312575,sub-diffusion,0.18978989720074183,0.8796115035309984,5,0.2007948579118857,0.06231887423580966,0.7907867430847513
5960,14,1.459970387395633,0.02256880608805381,0.9995223040476499,0.0002388765071679177,loglog,0.508163829721051,0.3650211715995771,0.012343913657371459,super-diffusion,0.585561334973928,0.9965809654507971,4,1.409531020135533,0.03228572009598308,0.9994851856398245
5962,11,0.8778378293732523,0.08497989117180581,0.9816020593702434,0.009241674589487325,loglog,0.1312551173876976,0.14202108685046763,0.0170064347707856,sub-diffusion,0.3457170072158458,0.9721213703291702,4,0.9249668591485961,0.1415268059300118,0.9700016750734259
5966,15,0.6893071611842102,0.1132530783772555,0.9487765989631595,0.02594835919076677,loglog,0.02739689666075268,0.03193225039026086,0.004408966778583642,sub-diffusion,0.16857180300172875,0.9459019095012977,4,0.6607314651466648,0.171352223328994,0.9114459248259148
5990,10,0.9298542311420788,0.12143854637690531,0.9670127895889818,0.016631915512313463,loglog,0.06672027653465794,0.07444813752944786,0.007162593112891058,normal,0.23444843243297778,0.9818240807431224,4,1.0486569157819323,0.1231102872328712,0.9830251668507564
6044,13,0.8679683669675279,0.11842031911491242,0.9641077863011516,0.018110094612867722,loglog,0.08950406954546962,0.09049569004764714,0.014033255569184645,sub-diffusion,0.3261265664741073,0.9541128801390377,4,0.8214194358904725,0.1493886234610472,0.9575771468125116
6056,22,0.5711368754688521,0.04916166605149495,0.9712161637627125,0.0003137211304188588,loglog,0.0033389500437613086,0.003132444367438801,0.00015806985801445418,sub-diffusion,0.06359330756962307,0.9849513542922451,6,0.6418370883144168,0.06404315450694903,0.9717877953168013
6087,21,0.668408036020518,0.06418569244352768,0.9644268423501243,0.0004802859212477595,loglog,0.02747848034081221,0.034916989879651326,0.002337448118613317,sub-diffusion,0.24679729404272588,0.973815851704405,6,0.7779605811432019,0.1130490133179492,0.9454274230632363
6108,10,0.46107335086158846,0.12353873468202449,0.8744463305736656,0.06488164889482272,loglog,0.028675438326854,0.03412632068693421,0.006900756927256158,sub-diffusion,0.16609294083976214,0.9244027857492653,4,0.543586803002282,0.15740184369623514,0.873473435797415
6169,13,1.07907656095421,0.01874540728341762,0.9993968112979704,0.00030163984431264,loglog,0.0533264105259656,0.05218915352324228,0.0017134532481360009,normal,0.23996324063962807,0.9978488100962928,4,1.1101721423511095,0.028222769041717104,0.9992440215842523
6174,13,1.1597383347197565,0.07012393869936141,0.9927409712117641,0.0036361250969784145,loglog,0.051200434870615825,0.04449491646624787,0.003092082809928094,super-diffusion,0.1594598153082163,0.9904338557917385,4,1.0469773140637848,0.10633249296209998,0.988324222785254
6243,10,0.8775370709083293,0.13779051274632503,0.9530069377313599,0.023779257682280182,loglog,0.19023784345845507,0.17621697720867663,0.04263702039077449,normal,0.34789298659674095,0.8951855287092646,4,0.7322077204782608,0.18724546172035408,0.9208609050659101
6283,42,0.7210562597730833,0.020045841454239,0.992330507580397,6.551280340913584e-12,loglog,0.0015068287943033366,0.0012825180520552371,4.8394430592520886e-05,sub-diffusion,0.06733407456967228,0.9873475003026951,12,0.7715787981983085,0.04096062256732475,0.9838597411524385
6439,15,0.9329615295434547,0.03728502005500685,0.9968159033361658,0.0015933176625039238,loglog,0.01490399513777144,0.013059161186324046,0.0016540667404148857,normal,0.12028287243142986,0.9540820553014219,4,0.985536663006571,0.05037893236708666,0.9966951354225994
6477,12,0.8143528700182758,0.021654769326805635,0.9985877938126417,0.000706352560649104,loglog,0.1295463598723011,0.13877895396220094,0.005637116392690165,sub-diffusion,0.33756813058893026,0.9967109835503615,4,0.8166011326222562,0.029928660352144507,0.9981740315390307
6509,41,0.640499072992715,0.04235547898534234,0.9581019410193711,3.234397447726732e-08,loglog,0.002952156351095952,0.002405633039438033,0.00019441451051726267,sub-diffusion,0.10268881553927314,0.9444818826267025,12,0.7526261362221894,0.08286763249517579,0.9300260614548064
6523,11,1.4316020312055648,0.11454285640019639,0.9873585671856537,0.006340819402520845,loglog,0.2882978598012273,0.2428953744808542,0.03082298678313056,super-diffusion,0.4274427968513446,0.9687985746410037,4,1.6576901570152682,0.10869133256416312,0.996006515881783
6536,10,0.7735344724037836,0.19470563795491638,0.8875359640033842,0.05790872841142182,loglog,0.020136538283900687,0.018113964478457634,0.007336422413503829,sub-diffusion,0.11062572940450834,0.7529701691582692,4,0.608656973122845,0.2535444108992914,0.8083183851616926
6545,35,0.47614602258452393,0.06548468154802461,0.8685701519081288,8.626792234565038e-05,loglog,0.014279658591952595,0.007594234247090105,0.0014957530981525146,sub-diffusion,0.18429017867449998,0.7412152422011055,10,0.37380368614669696,0.06880530819926481,0.8411498296795553
6583,10,1.6913252788563635,0.012883746631578138,0.9998839594795232,5.8021943511343834e-05,loglog,0.30135125405050583,0.19309207864218428,0.018139653886932817,super-diffusion,0.3244070573205216,0.9826555556485236,4,1.6999454391328424,0.024926870655488223,0.999810692470492
6596,11,1.0275616730203887,0.23197112527654049,0.9075025202925363,0.04737073302751382,loglog,0.12731874997347292,0.103605920474891,0.037371373630135686,normal,0.2378595542123869,0.7935128850385567,4,0.7616594187945498,0.32042164745762897,0.8214221167863098
6603,15,1.4682136303215354,0.06729076851196382,0.9958164806827636,0.002093951976057217,loglog,0.4385314100390758,0.40626987340277654,0.03955421744692091,super-diffusion,0.5896297142444569,0.9723496847623235,4,1.614785979137371,0.07169294661796612,0.998158608205545
6681,10,0.32318617095188884,0.10677807305974918,0.8208040782841366,0.09401761701226409,loglog,0.012568617696809737,0.01295403908786741,0.0026348470972515983,sub-diffusion,0.14335079175519166,0.9235803381864166,4,0.3684385777803907,0.11641136103233404,0.8432455999400134
6709,10,0.8689783076919461,0.1405925131441307,0.9502520348188579,0.025191282959134646,loglog,0.041739363955572824,0.03842653663682225,0.008297688542244629,normal,0.15510361810325296,0.9146979518203886,4,0.7210084052471775,0.1564629446576104,0.9411209135065316
6815,10,0.8573059443412947,0.24280438226169282,0.8617534236742673,0.07169324914968578,loglog,0.0736337912995444,0.09560081668840052,0.020823847858305745,normal,0.2771151549447266,0.9133322648341556,4,1.2068096394713583,0.2982762767469686,0.9274602564427213
6824,36,0.7488624609367583,0.01989978239358002,0.9943825911694212,2.728854540532681e-10,loglog,0.030690398841203857,0.026260592010876497,0.0013935696252460367,sub-diffusion,0.25832276282286404,0.9752815713641694,10,0.7713392163646452,0.03690209245023366,0.9893374868302784
6986,19,0.14794871340634472,0.06872039854083005,0.6070734100271767,0.12037733110574206,loglog,0.0028727391908196613,0.003516891475842499,0.0009699290436465794,confined,0.10547349770631712,0.7244775732197076,5,0.1359787605439635,0.0740083947360824,0.5548475046472566
7034,37,0.816159448122113,0.023842247605670764,0.9923780861143271,7.645859651982107e-11,loglog,0.013872145072395719,0.012538863091254451,0.0005596655801351937,sub-diffusion,0.15091043294141604,0.9823857001883035,11,0.7950699883388807,0.03886758159358197,0.9881406569344626
7087,11,1.5265877013946783,0.05180843976895315,0.9977017976788124,0.0011497621370797346,loglog,0.18764680825985547,0.1418126528654247,0.015373792405988249,super-diffusion,0.318782803553955,0.9770347040294859,4,1.6527482846788843,0.06482158816655319,0.9985908933274389
7098,14,0.6436874843044295,0.09821539484966443,0.9555088419549568,0.0224986741927371,loglog,0.007080399898045981,0.005583440500712585,0.001197247349221273,sub-diffusion,0.07749310971411087,0.8787821795694575,4,0.5686731929311705,0.10651969191417653,0.9505485790922095
7215,11,0.7265324607682756,0.06661888592290743,0.9834624015612524,0.00830327137715514,loglog,0.002077261698149274,0.002365279041050217,0.00013133690327389027,sub-diffusion,0.0446765353599466,0.9938712917016441,4,0.7753502398825011,0.06894346970018028,0.9887814558797866
7227,21,0.5491682389904703,0.05464030676559264,0.9619100934553293,0.0005511250367914359,loglog,0.028486587056695656,0.021151334757109973,0.002770480020264996,sub-diffusion,0.19817106728194314,0.9066673264489802,6,0.5549042977611411,0.06918939224126908,0.9564974559567869
7253,13,0.6603991125268365,0.09454637653676357,0.9606215047233548,0.01988699390154258,loglog,0.002114660966445928,0.0025376786698064493,0.0002702070084614924,sub-diffusion,0.05063687403160148,0.9778276232124706,4,0.7544645586712322,0.1236199731771421,0.9611067840518853
7261,13,0.5640899634955109,0.23810480125245256,0.7372760423056027,0.14135220124570125,loglog,0.07461017818114123,0.060608756067010966,0.04145063058096843,sub-diffusion,0.29953682545213195,0.5166751534652662,4,0.4214871138401903,0.2677963293879562,0.6263322474288504
7263,11,0.6318126120857546,0.18147758239792475,0.8583647766365335,0.07352022329867693,loglog,0.007364736276405326,0.00939869633700849,0.0017386779583077484,sub-diffusion,0.0935811919625091,0.9359408098292186,4,0.7845426373347879,0.19625124336983288,0.9119622443578512
7295,35,0.8746181796110143,0.03217492914785556,0.989289455131674,3.6138778534300455e-09,loglog,0.006505282553499216,0.006878632045522157,0.0001386600079600601,sub-diffusion,0.10011661867092488,0.9963561933770687,10,0.9975607714019828,0.03241115127665944,0.9954945443319752
7342,31,0.8262565842787444,0.0629079602089352,0.9610053362811951,3.4605589903790837e-06,loglog,0.06090450656697409,0.05245308197479596,0.0033242366253517963,sub-diffusion,0.3541972504443682,0.9651130864258838,9,0.6654342790534374,0.054254795291855014,0.9733974053088276
7368,19,0.6587892762860764,0.07064827675787327,0.9666496455053106,0.0026112092354016177,loglog,0.013554425800597267,0.014854829364474655,0.0012647385090700433,sub-diffusion,0.1401411771037417,0.965023678518717,5,0.5773627358655579,0.07810855452455823,0.9628522835023177
7426,34,0.9026518557029533,0.05245523589308382,0.9736943069677128,1.3233622049080192e-07,loglog,0.011809896526318229,0.0133101664259973,0.000490909998141649,normal,0.151591280986616,0.9879053147142709,10,1.0938332516348952,0.05300579683793693,0.9903038563771873
7427,12,0.6015933887603178,0.12404508985193935,0.9216316966664434,0.039983491461504386,loglog,0.03650632915856269,0.03484673679687577,0.010069204419619228,sub-diffusion,0.1850050522756805,0.8569037863958906,4,0.5195589823029573,0.13196483568215855,0.9112089335802231
7434,34,0.9726481491357879,0.018422993892221438,0.9971381017750722,1.8364224114115553e-11,loglog,0.0026201363511011494,0.002812206572563991,8.036890091192862e-05,normal,0.08705374832657023,0.992703015205883,10,1.051878250679705,0.035130175330649625,0.9954258592240919
7444,15,0.6218772664276391,0.16949099013181632,0.8706523237636704,0.06691247797236598,loglog,0.054709653239547386,0.02014047738629283,0.021002659180187178,sub-diffusion,0.21434373432712717,0.2346124840811431,4,0.5045764595531108,0.20372736846265652,0.8069915913093062
7519,13,0.5787896981340284,0.1950554763074651,0.8148990950594726,0.09728238354429322,loglog,0.0768922849935825,0.10253376484298027,0.027915949761961052,sub-diffusion,0.35021966222250167,0.8708888485213608,4,0.7684802012208053,0.2674801316389654,0.8362854642049036
7550,13,1.1954259474539124,0.037151567503577725,0.9980720276204809,0.000964451272888467,loglog,0.1575455827965924,0.1407583829799362,0.005816157523789523,super-diffusion,0.3293135261467335,0.9965969109593235,4,1.164595269859123,0.07141108526904838,0.9958566893596165
7570,10,0.8969794122762136,0.09860520263045848,0.9764010360521502,0.011869929588138596,loglog,0.18276579849538813,0.20012124988182933,0.027707119646718854,sub-diffusion,0.38166447128193537,0.9630777878623445,4,0.9744887159405321,0.17063786757345153,0.9615807592365674
7580,24,0.6543216869507242,0.17406198000090048,0.7386449276359538,0.0131693037916329,loglog,0.03569944928969649,0.012862257928367548,0.007688973941854329,sub-diffusion,0.233217430938981,0.28559194438326274,7,0.4241293363266217,0.21394537180444714,0.5507352377248773
7627,10,0.6261911600101085,0.15965942314844458,0.8849412428419771,0.05928684348416969,loglog,0.04015948256816222,0.03655635425833964,0.013887866699542855,sub-diffusion,0.18149661817345095,0.7760043956215663,4,0.5102144967655889,0.17700177097035477,0.8492976262446448
7706,10,1.0215809821576287,0.12179847589561286,0.9723564630459653,0.013918632644361663,loglog,0.05998448941235343,0.053482112008101566,0.0070210472086014684,normal,0.20748302221097514,0.966680413665571,4,0.8714870196512278,0.12822923718501936,0.9738625343245686
7765,12,0.793209784716349,0.12320633130407611,0.953968618402079,0.023286829001431423,loglog,0.03577354588597999,0.03828058048690652,0.006932381511704085,sub-diffusion,0.1984372065014098,0.9384472161563387,4,0.7905988401785926,0.1722723600886566,0.9379031310752693
7772,13,0.5827470586244778,0.11025799598072937,0.9331873284623046,0.03398378457589824,loglog,0.04051730296531568,0.04151446301991755,0.009777381399299302,sub-diffusion,0.20023543627469792,0.900141084686473,4,0.5468306157675557,0.12778205225380893,0.9220093308186867
7777,12,0.18738664187472662,0.07660276015507408,0.7494976297157435,0.1342646884204483,loglog,0.004038185308663021,0.002802326611666961,0.0008980993024442462,confined,0.0907830867408376,0.8295868665276203,4,0.19737200912413855,0.0768631827521375,0.773724037515978
7822,13,0.536354101954408,0.04045046354182669,0.9887523622029645,0.005639722131377312,loglog,0.01294674519419592,0.014191873729070732,0.000844872045864315,sub-diffusion,0.1267893007589157,0.992961746459867,4,0.5543598333386554,0.04266974899712521,0.9905869109074656
7865,30,0.6885334904142184,0.025161970467012816,0.9907381850433308,2.233257320853911e-08,loglog,0.003903049874174905,0.003422481385573217,0.0001291397354104429,sub-diffusion,0.08180266502526422,0.9873482532936354,9,0.7195626209750285,0.03961093726390225,0.987024071866912
7929,11,0.739952342057104,0.08969325287387464,0.9714527850890258,0.014376955885757603,loglog,0.07637754317196707,0.07944493383443864,0.011612757996276384,sub-diffusion,0.22853376975582723,0.9590178250100746,4,0.7011386119645774,0.10589798782758746,0.968431805235309
7962,13,0.8917662514581871,0.16651995490902544,0.9348095975381734,0.033144479491287515,loglog,0.006873937031998087,0.00827402739791578,0.00125820494117303,normal,0.07817092081590865,0.9557957631284747,4,1.123182644735859,0.19808641896806228,0.9619885051453415
7977,12,1.17739185498659,0.0035581132798813476,0.9999817350053115,9.132539045886298e-06,loglog,0.21428390199171943,0.19496792477745897,0.003971603069539349,super-diffusion,0.4209216168714046,0.9991707699562613,4,1.171077605763329,0.005884695468375102,0.9999717989365757
7981,12,0.4454780779363681,0.2083882850793448,0.6955810593543512,0.1659849765415786,loglog,0.029979407885167293,0.023015081975637668,0.01741315262003347,sub-diffusion,0.21880989795374395,0.4662266710675316,4,0.34640531469876573,0.22967610737059324,0.5933235649672596
8009,29,0.8279355301536344,0.05090729376794558,0.9778192207020486,3.4389532869012013e-06,loglog,0.00295755131493164,0.0018996820741045333,0.00023622262526749665,sub-diffusion,0.07401095373709825,0.8778375314681399,8,0.7044586650760892,0.08057031266119895,0.9560457213032275
8169,12,1.3676775715397556,0.06198037236756921,0.9959093650548769,0.0020474134234247385,loglog,0.43620458978046367,0.3715216280701354,0.03635994279608749,super-diffusion,0.6127435954141458,0.9812039142525751,4,1.4995444527837434,0.07400580984630327,0.9976061210281668
8186,11,1.1668505454870894,0.12605455343139094,0.9771915225457407,0.011470019399643762,loglog,0.1545170135831246,0.12727625168996887,0.01458613242064844,super-diffusion,0.2761087797219349,0.9744049984930936,4,0.9778395928476213,0.14756368832151312,0.9742799064080677
8257,10,0.43995072993359097,0.08796266256308914,0.9259687671162226,0.03772729067263758,loglog,0.01612440398058261,0.014615599057921813,0.0045051320294607015,sub-diffusion,0.13663108984297756,0.8403181589917139,4,0.395380703067148,0.09418586835485088,0.9151531641217316
8265,10,0.37166884200484346,0.13512475109206687,0.7909171188055032,0.11066478827974925,loglog,0.008595516260061295,0.006685149613912987,0.003771487981642925,sub-diffusion,0.11317461224232368,0.6110411520952301,4,0.3149765691985643,0.1465443509303586,0.7369799549531593
8309,12,1.0898562151655908,0.10597422796451014,0.9814409273160818,0.009322995464171587,loglog,0.21329523059482722,0.18633182434827456,0.018992962788719887,normal,0.37009849196257455,0.9796432030291209,4,0.9429171291145773,0.1177352469260536,0.9816822542773392
8370,10,1.0064227191696824,0.07508416709742398,0.98899074091373,0.005519863992382245,loglog,0.03616767239671679,0.034142468742822896,0.002450871157328562,normal,0.11721721038226433,0.9897993372248373,4,0.9271022617884201,0.076050947949178,0.9917172404129949
8419,11,0.6761766504158369,0.11548548301510107,0.944876175054138,0.027952586005117738,loglog,0.11508497894940102,0.11286203341605357,0.02574541041349622,sub-diffusion,0.268474598646033,0.905738034190683,4,0.593732499799595,0.12221859972943898,0.9416043050546148
8437,11,0.5729170776802042,0.10483565897492829,0.937235611723001,0.031890702594484455,loglog,0.005235663313738084,0.005582890519503649,0.001199822504073742,sub-diffusion,0.06015024476692172,0.9154380961907153,4,0.5645303054342362,0.13145400303490215,0.9216068857310642
8439,18,1.0235024567428312,0.08289300760519437,0.9807018243993139,0.0011444491292033991,loglog,0.17292330326733196,0.107942395772502,0.01902388271731826,normal,0.40307859071478586,0.8655726269017531,5,0.8817216926617006,0.13811114232365762,0.9590993751362147
8498,12,1.5137421859584865,0.028994946227295714,0.9992667497511448,0.0003666923560695646,loglog,0.6343626199308162,0.4532926642453495,0.020153695223648092,super-diffusion,0.5203093345411336,0.9960620665101212,4,1.4473284371768111,0.03990964289803083,0.9992691417482578
8637,16,0.41320193142191414,0.16889456999969243,0.7495429729580172,0.13423850111129498,loglog,0.016211960812450958,0.0200860948273843,0.0029977892617402704,sub-diffusion,0.1593853521868747,0.9181904595802036,4,0.44366173701290634,0.2066094567722666,0.7268173978557946
8719,23,1.3730917559769367,0.04720040397695294,0.9952955984237297,8.312321739616317e-06,loglog,0.020980431183260293,0.024366128549053408,0.0016266393583764525,super-diffusion,0.1804506738894616,0.9739564435826881,6,1.5199488037763764,0.046187048886824594,0.998317631816402
8750,10,0.6387848671342033,0.11198158686100987,0.942095926335387,0.029383738887820306,loglog,0.07127384682379614,0.08662672911813639,0.013883845359854166,sub-diffusion,0.275030696557966,0.9511360751473341,4,0.7418977886694962,0.16363682638209348,0.9305929195716915
8846,20,0.8836719691564615,0.07098459776789269,0.9748383740737523,0.00023943519833355306,loglog,0.021132298726947774,0.026039252986740032,0.0012762999925502122,sub-diffusion,0.16577334061371393,0.9857903180347575,6,1.0032004874404945,0.07598943525230131,0.9868111889007644
8858,12,0.3564772922838987,0.13862386529720191,0.7677884414921481,0.12376461981260531,loglog,0.023609678142473035,0.019718806639421545,0.010051231007799453,sub-diffusion,0.20199216391786606,0.6580481783344792,4,0.3223526830765742,0.1522324163055837,0.7246443512827976
8877,22,0.9687643513515601,0.03349315192185704,0.9952415639547781,8.504521750187392e-06,loglog,0.040885115667896696,0.04117935568320022,0.0009731446694495148,normal,0.24539395681885712,0.9966604025246086,6,0.9432371440474175,0.05217020178395556,0.9930251637910343
8906,22,0.688467957311588,0.04799877072396982,0.9809282735226946,0.0001372755755251392,loglog,0.0025769126478582993,0.0028537480192279423,0.00024198729546662291,sub-diffusion,0.0697754702369912,0.9586418091088903,6,0.6952292178003364,0.04847480950079279,0.9872175120722754
8963,10,0.5826680342399518,0.24065481999033161,0.745615054207284,0.13650995708851166,loglog,0.008383628012552996,0.006857698536050862,0.004343467474311695,sub-diffusion,0.07838675781252542,0.554841131707077,4,0.43260070338191714,0.2586990535774065,0.6527236195404061
8999,10,0.655399767124632,0.20239244449999833,0.8398249727890711,0.08358035115506658,loglog,0.06688472521802984,0.08973769639196275,0.024639548456734037,sub-diffusion,0.2884187074171855,0.8689753282098277,4,0.8862370076284147,0.3019138985176093,0.8499042792485777
9126,10,1.0430993963482598,0.13334797020996547,0.9683492894371657,0.015952597972452524,loglog,0.13484126254386414,0.11733628118081095,0.019294765566635497,normal,0.22826447182511725,0.9486937346865718,4,0.8664481986290604,0.16491388950200528,0.957532964128529
9214,15,0.7711779720925918,0.07608797605301076,0.980902407238445,0.009594826730774275,loglog,0.06225596001558856,0.09114234479776215,0.011691039487963842,sub-diffusion,0.31070137693962224,0.9529605705379169,4,0.8576412665933117,0.11556719515611452,0.9751723807860311
9218,13,0.7960851722070079,0.028290752597305634,0.9974805579873787,0.0012605154559179879,loglog,0.028414765904609757,0.03129895061231425,0.0007157621903473791,sub-diffusion,0.14821883515936887,0.9989551499511535,4,0.8281041232300322,0.041245885043727414,0.9965886988204166
9348,18,1.2552384485308723,0.012068038686286501,0.9997227817840518,1.959104636705511e-06,loglog,0.06703974581737686,0.05237225277761845,0.0036551204004742315,super-diffusion,0.2673420379477374,0.9762249792731217,5,1.2513570041147328,0.022401974266577633,0.9995107614491067
9388,13,1.3922859514241943,0.005724802458708748,0.999966187332054,1.6906476887457177e-05,loglog,0.02182160333386477,0.017438941952316094,0.0009918749095307387,super-diffusion,0.11873002033842243,0.9935716026066773,4,1.4017337986167568,0.012204310366990805,0.9999241216400708
9535,15,0.8386199345386252,0.22787403782237295,0.8713313696707657,0.06654867846750266,loglog,0.09604503553522178,0.11549556616259314,0.013362232619397597,normal,0.30825907421071097,0.9613944185359087,4,1.0938338779880539,0.2420378010313822,0.9397048752714314
9583,15,0.9427879032019905,0.07855528585608794,0.9863049372529265,0.006871137639769098,loglog,0.030223596864073433,0.027191310545701185,0.0022273873810755435,normal,0.18520881572980288,0.9802668314619579,4,0.84521950586618,0.1083304505568763,0.9794746855850973
9588,17,1.1442431732617226,0.07768636505729076,0.9863601462548163,0.0006788752410795235,loglog,0.015195183034358803,0.01658297798607829,0.0009074666555045887,super-diffusion,0.1464756871232504,0.9881634510872938,5,1.2705225181938007,0.06320238540092228,0.99613433024896
9591,17,0.8398227274164735,0.12847521688274663,0.934398063903227,0.007276719206951995,loglog,0.020473541724850525,0.014857556516300243,0.0029262115281038933,sub-diffusion,0.14472168527235096,0.8656817837877167,5,0.6645521860552783,0.13247228773463152,0.9287613664701386
9699,10,0.6066198664712829,0.0742010317650278,0.970945625169805,0.014634268319724364,loglog,0.047304220188286596,0.04741130918413566,0.009971557472297344,sub-diffusion,0.20002334942760996,0.9187214490247981,4,0.5525789481698699,0.09402898549711503,0.9580990055054392
9734,15,0.7229402760801744,0.10342281336842896,0.9606779916583776,0.019858177783246722,loglog,0.018918745317886853,0.017140515768446423,0.003009327833946301,sub-diffusion,0.12992258784792635,0.915354867469228,4,0.7821525445563342,0.11018885374427898,0.9723032017679412
9759,10,1.456146277900383,0.06906465905769134,0.9955209887628557,0.002242018943042657,loglog,0.3692544728304188,0.29606823484429545,0.030653461739927428,super-diffusion,0.4296479615606255,0.979010941849306,4,1.5918405542484046,0.06520720967477608,0.9984217362282866
9769,10,0.25174312040466806,0.0874754064462096,0.8054882211110119,0.10251004400549868,loglog,0.029641155729071868,0.021211365656009156,0.010777863291928355,sub-diffusion,0.1860814657432595,0.6594711814309526,4,0.24077446583679527,0.1044132187619085,0.7481929495085513
9861,15,0.49668514547009524,0.12474509156166395,0.8879749150281028,0.057675790914770805,loglog,0.012136714748443913,0.009475103131060121,0.0027591867405363426,sub-diffusion,0.12046191049293943,0.7971944581005707,4,0.4309614995177587,0.15328843148168728,0.8344670540916719
9863,15,1.2653983379930913,0.09995502582230537,0.987674666983348,0.0061817736711868845,loglog,0.08759413596310217,0.06291969289941282,0.005853705440889153,super-diffusion,0.2564314126907571,0.9746909074778612,4,1.0971296468746516,0.16830200960368702,0.9748770016526832
9906,12,0.8307507684106458,0.10393652554719798,0.9696444979830975,0.015294715164431818,loglog,0.01952952357303629,0.0188410638318087,0.0036267759404201468,sub-diffusion,0.11196303740111552,0.9310057378959685,4,0.7231438718840784,0.13761156630884736,0.9534839521383952
9953,14,0.7848170970397559,0.06137728803505334,0.9879155113152738,0.0060606098381683635,loglog,0.023423979802144848,0.028750745113532986,0.0021466880006817688,sub-diffusion,0.16335327828897467,0.9835503179488041,4,0.8027640674172263,0.07697539809258121,0.9874583133114744
10018,14,0.622371811572395,0.14868471592093369,0.8975479863609275,0.052609908031054246,loglog,0.003432361786361687,0.0024276326039989683,0.0007606732703589248,sub-diffusion,0.05413969016293597,0.7724721882286439,4,0.5187409844211318,0.15877313361080578,0.8776568407970959
10029,13,0.7554323533822982,0.1103736302475581,0.9590539035095588,0.020687024741549372,loglog,0.0012222575195587812,0.0012135110908696681,0.0002989406810083282,sub-diffusion,0.0394376295883803,0.891766058286935,4,0.6702287629947107,0.16739618600073433,0.9201296562376345
10048,13,0.500613333742321,0.056792990147029425,0.9749055781098546,0.012626930633686693,loglog,0.03126824344530826,0.03372706968525371,0.003735526935961932,sub-diffusion,0.2059413515408244,0.9760530653177161,4,0.5158671557444763,0.06335397318004285,0.9759511207987758
10134,10,0.8447927823413557,0.061675007901720195,0.9894526573995249,0.0052876509263972684,loglog,0.07856397661410311,0.08052685794602726,0.0069011579094721545,sub-diffusion,0.23956433841020644,0.9855236372524031,4,0.8071595194083362,0.06993178937641371,0.9899795788147165
10169,12,0.5858998229364704,0.07623036518205639,0.967252429052605,0.01651007679152861,loglog,0.027725781032849076,0.03007679699720448,0.005042054956524288,sub-diffusion,0.18511649454292636,0.9467850846716753,4,0.5874619101301737,0.10035982758332077,0.9568435377170217
10223,12,0.5712628546052514,0.0583557467645836,0.979556521837039,0.010274521982464592,loglog,0.02509907548688456,0.025327357197015697,0.0046740643799040036,sub-diffusion,0.1581239287994472,0.9362292063905231,4,0.5302262052333263,0.07124908831199277,0.9728852491820749
10253,12,0.34757091961853587,0.07718418745954395,0.9102262891257543,0.04594219822604338,loglog,0.0055274900973073336,0.005565536028367846,0.0010001209502598692,sub-diffusion,0.09026336573943514,0.9393345601168324,4,0.37624007586172936,0.09585923633362825,0.8952051565875332
10275,12,0.8836303307325132,0.09404662353523723,0.9778463244893411,0.011138875023726569,loglog,0.016486101513302813,0.016485183206658025,0.0019486453492287728,sub-diffusion,0.13699252566614314,0.9728144534531309,4,0.8288508065056216,0.10989590920394639,0.9772316961399381
10364,11,0.5260231352508971,0.24516076930563147,0.6971398348173415,0.1650509986727683,loglog,0.01958377308575824,0.019439927491120362,0.013725591045229031,sub-diffusion,0.12998313577480305,0.5007467168746869,4,0.48102464340977746,0.3528759508207656,0.5490290659472945
10501,10,0.6026677500238616,0.15565518804377837,0.8822901698931953,0.060696976533560085,loglog,0.09553262220064858,0.1197132120844371,0.029670383518749524,sub-diffusion,0.32414031176519853,0.8905870963233409,4,0.728720686794158,0.23082932548667265,0.8634119865067866
